age,heart_rate,systolic_bp,temperature,spo2,respiratory_rate,hemoglobin,wbc,condition_count,admission_type
22,68.17305812395568,128.90700058316747,37.1822605012271,97.3946647931897,23.461646376834864,11.5691886574789,7546.65042091569,1,2
90,97.80353666749292,143.71426801589794,38.192868838983955,98.68046576239404,16.280433774233916,10.23206787499272,12048.129467615854,1,1
85,53.640048113168625,124.46795433961813,38.180224138858605,93.22985039864231,12.023689784754641,10.828245920367603,5398.402838926704,1,0
55,71.31124527185877,121.17670752796158,36.67005378642899,98.95162323344736,18.32411397215932,11.938662370353326,7630.216901765982,4,0
89,104.88200106388638,152.76529603180904,37.81527088357461,92.89155693919913,20.329834227556635,11.452069763717178,4782.855680282846,1,2
80,87.4484322254969,157.32688596594477,36.693558387067434,96.78038412596413,10.855520763618102,13.382053949999017,12254.32571525095,4,1
77,60.68857247336286,126.68631972429372,36.90536401073003,100.0,27.284520455343856,11.45767700327967,6274.2815256876975,3,0
33,77.48602206939708,112.0018168502154,38.135453923406516,95.47229730425224,19.209580601951462,13.940832695294997,8321.807856324818,1,2
58,107.69160293634292,117.97783594921297,35.24984585732786,99.18867042063721,17.645307324378855,10.972838596482596,7239.117357297507,2,1
39,79.6607452325166,110.3627266700782,36.98313128659544,95.76231788838854,10.330775728717716,11.932778082957721,8100.243433243296,4,0
44,66.04825536329,116.38212107803776,36.2785732191265,94.65089888350707,20.529281188895496,14.498645814981408,7319.376943068224,2,1
90,76.91153328450463,137.51882838975044,38.05183474691229,95.75834222719087,23.75207666368607,11.840772376092731,8647.245089764592,2,0
87,100.20741170078699,157.37669016674,37.93478721275687,100.0,9.441573793221586,13.653790290055113,9120.204028737513,1,0
21,98.78527759195867,145.2032026754258,35.48373762071004,93.28184412380195,12.540145782786828,12.136995403827209,7445.0537273191885,2,1
82,89.4889311448529,164.54260557635502,36.334196154529415,97.2906020103731,22.316700879125005,12.152333750674421,6638.356960728944,3,1
27,93.56586916961211,136.4122709371663,35.80099420945934,96.53132130606265,8.0,17.2465653133659,6879.856152322182,0,1
38,101.35231937241608,126.35010652004114,38.6678323326802,97.98747790074015,16.4709698801144,11.25115182757635,7027.335908626835,3,2
37,95.31404185890554,90.08492729297404,36.80846610016568,97.64768553248001,17.191378649390987,10.81411688021944,7332.189299054636,3,2
78,89.08628675735851,132.77108080028628,36.15980150768625,95.92119005760651,17.434593562934293,12.184286640203947,8844.023487195056,3,1
73,68.26521637408828,103.7067025481668,37.242821509309344,97.94693210658376,20.29883173629396,15.074028145501732,10234.713659644181,2,2
78,76.28965662403618,118.41556630613583,37.88466495046809,99.74307799964477,25.96185124534353,12.502846007279562,7922.126414980744,4,0
69,71.49363886213501,110.49912745939935,36.306318633502066,98.35486199519026,12.544859559870716,14.277039498982631,8716.890513500515,3,1
89,74.66747259339448,148.5830825062091,38.17198793885718,100.0,20.100123903420734,15.664260924257825,7124.214397585206,2,1
30,92.24854607638395,126.68051485481911,37.09674979899794,93.65282972760912,17.054883122821266,13.503643081434339,3718.9249839361373,0,1
63,45.0,146.24211288174172,38.02979496419665,100.0,18.58276921990032,15.092333600207656,7473.9593272787515,4,2
87,72.91879123147017,127.05677733376955,36.20717377935892,94.79030784607062,13.847799917793328,10.451406526379639,2853.4286996545898,3,1
74,107.54184973241175,138.86476697714016,38.17205109398178,93.80007409613215,16.4075926610773,13.675743712199747,1832.1610220392067,0,0
50,99.63889835039872,122.35616658949107,37.370315725278886,96.22151247186638,17.927487679016647,12.642211792728892,11568.148958286805,1,0
82,79.33732014644036,119.51626603220579,37.47653157894002,93.92062447241996,23.316190328220078,11.815940967302822,8667.285527055243,0,1
65,98.41603971568759,149.55224344056379,36.486715655788885,100.0,18.26565425003578,13.436623386218512,9373.998542163765,0,0
38,65.29106188055778,95.00135653477352,35.14109866336524,98.51234159745601,18.54956124482989,12.478406445288467,9567.352071361758,4,2
75,90.68351714766386,96.85741001270642,37.11835210580277,91.54510720578845,8.145032318747857,12.242855439048999,8923.832898835004,2,1
73,80.38780023881795,106.57402177003846,37.53911124734152,96.08898168047278,21.465569262569215,11.970461059098023,6647.118474605205,3,2
77,88.44666187949252,126.84989158111625,36.38415306676573,100.0,23.697274095156992,8.409142123914673,4887.061601221187,0,2
20,83.86702377243545,110.35182670972193,36.09078818999478,94.233765317671,26.144138218449694,12.307222512737994,8539.735609692973,0,1
23,109.92775541735423,128.60550083954732,37.26708810224977,94.92471970439952,20.93955578998892,11.602791298952187,8732.142714615376,2,2
89,78.5762506162698,134.15406989886478,35.96991515338027,97.13036927993937,12.761826995231521,10.60350881568253,10880.875736352325,1,2
41,56.17567361214775,106.69473086566353,36.57651985643987,96.29217489745346,11.70116679573609,9.976827089062875,9441.25580708532,1,2
52,92.43237314528844,109.85089355800795,37.65975948583436,94.76147390577222,18.80656547070406,10.815283756661184,9660.645400614816,2,1
85,89.92909215257501,148.76237772820082,37.51509031118697,94.04913817132288,15.391433177403096,10.554811160004556,7180.114401019775,0,1
27,89.74154637320885,106.46954475855654,37.29373668008475,93.60469142376348,23.17805325945206,16.78177903511961,9679.191958942294,1,2
84,88.56629673938662,120.07263204267306,36.934672975548764,90.99309164695693,24.614782900857172,11.402952325493303,8472.953720290167,4,0
52,78.49211802280651,134.51898781182487,36.12761105658069,92.38111087864975,25.859543405578158,12.965298577300382,9530.211424113333,1,2
65,60.75935842628608,122.84341749800642,38.095386683490794,96.44465964503623,16.229239988527922,8.987692692224568,12859.666940396019,2,1
74,83.56908094261068,146.38462081315288,36.577937910901404,95.45049328533533,9.522788945256986,14.5474815121349,9701.754747834402,0,1
46,111.29976640112693,153.32965898918766,37.945752554420615,97.46860723198637,23.014214944043914,12.298415728951262,8160.040903456841,1,2
24,83.99906177505144,96.46497836380415,36.42925321056386,100.0,19.50198504665875,16.046683502448182,11865.219763531406,4,1
51,53.69944513828838,137.11366487818898,36.85709535537473,98.11590760367334,15.469759864686702,14.15346555029551,9844.244513831276,4,1
28,76.50356785372384,164.69255484309826,36.235096005391256,100.0,10.421896436030622,13.962827692037921,9055.771065393763,4,1
89,90.36179897979797,166.3170845738448,36.327239614856275,99.52215104376657,13.426005122571052,11.72385891228657,7243.91465015495,2,0
21,71.96389310548639,104.50999345368473,36.42742348983928,98.66840972257953,20.239662811176014,10.834672296034231,8028.126897938055,2,2
18,100.01525974519664,103.67775519215891,38.122551024685954,97.8936908151724,15.733098475774915,12.524532012497327,7100.288589547258,2,1
54,98.35193523206723,121.73588959199384,37.18379790572211,98.11324542518706,16.53781060656933,13.029864256618701,5505.592415189427,2,0
65,92.13617790013534,105.09920054440283,37.65178976916798,94.71180536103896,22.082378232035786,15.11122486382044,8812.293991626006,4,0
18,87.50250480118753,142.04964342440974,36.939372026310615,95.28997003993005,12.717847766278421,11.332272968805366,6849.931869658406,3,2
37,117.61721445081196,120.2602639942468,36.67305189057779,88.22105132517625,15.776009388123846,13.558053288350292,13932.305328185372,4,0
40,99.66270173311199,158.1748557046006,37.64980533918159,96.04102007520157,27.458301025071073,11.796516809229919,7270.063989239667,3,0
61,105.04172972624623,160.01329635020937,38.22065645517821,100.0,12.56840303877906,10.693773280084011,8870.63916481359,1,0
49,82.53739328144873,133.8183879299192,37.2554223321555,98.73577951894391,12.345268185770156,12.644625646875072,7601.91587225473,4,1
53,105.91785988489998,110.59842500416481,37.29991655387681,89.82680180764503,19.492030198242603,12.892642088141157,9324.119577858077,0,1
89,106.86670091229075,129.91139006900093,37.94896709919592,98.06284247638027,18.120345559154078,10.855842021975244,2373.9419820535577,4,1
87,99.36288777401057,103.10775622375488,37.508718212060046,96.21634724713086,21.684175157942715,12.79418636086934,9963.76468167267,1,0
34,100.80805467527207,99.04855418875484,37.510556342417644,97.11438947625632,24.62009278070662,11.185643491602388,10001.256117001343,3,1
52,90.8263291722077,152.96461955575947,37.071351667589134,99.78608065408235,8.0,13.963602909362063,14908.109966370877,2,0
35,109.03507117790724,117.0087208427798,37.14115200531382,97.2862525280013,20.936575037838537,11.991766258615637,10906.596096097523,2,1
51,75.70209765878,122.10626180021826,37.447914175670675,96.39139064202496,12.506423283042247,13.766520147266467,10622.299069862605,4,1
34,98.79787388026092,150.68349200863264,37.5456413653122,96.41402264779768,15.11662635294294,15.040371505518598,7854.0738659006065,3,2
43,68.7917152533286,159.88640753406958,36.77025059202691,95.63781598064257,17.325492859069072,8.601380576737395,8356.784473834454,3,2
19,88.4542257426964,154.58402023119834,36.800586963397535,96.76274166639553,13.312500764502484,11.627010592361444,7297.950323290901,2,2
78,69.5680706504904,165.20565846408743,37.0874481209995,99.30396020807987,20.59183465260011,10.042302713702071,5424.548797464204,4,0
32,98.07430883076476,114.42802097432728,36.0956217343884,96.20040057736358,23.28697686039868,12.861334512374832,10548.290929640214,1,2
56,66.30654763344207,141.37222334094312,37.22310500317789,99.50768170854414,18.798782633783738,9.464987363975398,5535.17798937229,4,0
30,72.56875494959151,101.47306649218464,36.40058447650274,93.59923061331531,8.411025676760902,14.945480035723165,6111.38451586221,4,2
41,85.92148976679333,143.67624425559924,37.42080485716031,98.64697585588017,17.551664064731035,12.626270449423352,6790.118521787074,3,0
80,73.74675106996841,135.58861025669214,36.535192768132745,95.36447741556346,26.883530654327462,12.412295112741784,6768.932243011866,2,2
52,97.63837359069949,112.66797664656406,37.184300773412495,96.72820105398998,19.776384704711862,13.15493398541134,10631.56650717598,3,2
72,82.58432975188903,133.32629344288023,37.19456078702136,100.0,22.962303792209873,14.794602325739413,8346.846090409437,0,2
37,90.78397614896501,114.25602515747399,37.43214921987262,89.78956273037333,19.331343885126003,8.90870260569016,8445.461233764261,4,1
42,85.90375851662742,150.87954992215492,37.507810312832596,94.81395940117609,18.562347211166834,11.509361617657694,8051.845013157242,3,2
37,111.44213928780674,85.38735042881746,36.89918631177194,96.53736165736075,14.966909401098079,11.39779692809872,4388.23058097468,3,1
89,98.46807219727938,95.15974461974331,36.67290725337712,98.34936203244189,16.754123340588187,12.269519065847392,8164.6534574021025,1,2
40,116.3021107281875,150.63623590940577,38.01504752621788,99.89747365333906,21.345453321637738,13.257508814825199,9667.765727124512,4,1
41,92.60172207035428,94.8552448645367,37.78642484776591,100.0,19.27377423199451,13.871001677175304,6759.757069837971,3,2
48,72.7357667487664,116.18237119841096,36.55355041802466,97.25957936345156,18.97738323608808,13.656600184487463,6337.40675774662,2,2
64,86.86198453404207,125.74374169740315,36.69397775426326,96.94772346047272,22.12422364503644,10.67871763541871,6038.831395864539,4,1
38,115.83619733119433,127.28831357791557,37.37796642751792,99.86820825727884,22.26029483173437,11.565925796825987,9267.117628425185,0,2
51,105.00486792278636,134.3409024520199,37.16777837399373,91.10931954103809,25.325289440480134,11.401412998492052,7831.541884720404,1,1
59,101.32795483391493,131.1869839532791,34.0,93.94858917642694,26.377053564340056,10.960787409290614,4867.825713195965,0,2
79,82.50022885637885,116.02421701399675,37.04821816073758,93.33300399643278,22.648036915190563,10.544954121810902,7224.223992685358,1,0
58,69.39084136304955,133.9567525520209,38.1933977769061,92.47077829911277,21.2673974466892,10.869174554633215,10162.512263336277,0,1
47,81.05019176866153,110.56654701166897,36.00521919212807,89.04385817096134,16.722283148613137,9.60637254712469,10423.683252578088,4,0
73,116.57401900213242,144.47398637382977,36.89270277007403,100.0,19.089005292611045,15.486253902890313,7287.343770207211,4,1
40,112.83976754137244,120.54666229410287,37.85548912823901,94.6825286161702,15.788288543666333,13.864227293436583,14230.61328246861,2,2
45,97.7998986615789,121.02268337944862,37.186285936088765,98.4541843782909,18.626281451565017,12.035849422141254,12431.278843602318,2,0
40,93.58711652665224,111.86394381684076,36.545570941487114,99.13998126948692,14.808785673518434,16.59427755385939,8396.262350052893,4,0
26,74.54065263183672,73.3980287734682,38.16240558463632,92.74543475633091,18.246393769842424,14.147495450897107,4874.325242409122,0,0
23,82.27823488844224,139.00813006421077,37.46333843598078,95.74627465107068,23.888719187614264,10.53478367442533,8000.342810226666,3,1
30,88.1010066168886,100.18279390383628,35.96431439099255,98.39647876657766,16.754344209896548,15.627824110651591,7150.693225994898,1,1
89,63.39221935825729,93.14973635240491,37.424248485161236,94.30670601484698,15.823044188154167,14.876176159541547,8805.193105465238,2,2
83,110.85598859498349,127.42786502055976,35.75386283877792,92.14669308811304,17.221456280281778,8.979327632072353,5851.844177549155,3,2
45,88.87401079770333,132.17868869897237,36.13471963843218,97.50308127690806,15.090133277289755,16.3468966394353,5806.315802755923,3,0
33,116.18481160538252,113.30507498332348,37.09593916037637,94.1542528689937,11.820622010472064,16.026333310207665,6372.624049469254,1,1
57,74.65141936800921,146.6694375873201,36.76767510506493,91.8343179142939,15.133868237957712,13.605559914151765,8160.758905991557,2,2
69,79.95987146328795,127.92912508666879,36.63704323757853,89.39824694710954,12.58170635620506,10.566950556357897,9213.555206591134,1,1
27,67.9584903907617,136.34186619641974,37.01131283905971,94.37657183455929,11.864375811302834,9.941806269193693,8473.546855630242,4,2
20,84.43509444002453,137.755370026556,37.204402442943255,97.32756420364495,20.30571567092041,13.41639426050723,4041.1517625703673,2,0
87,70.15646355802174,146.60973082199752,35.93457867750849,96.66326361550738,13.877285777608877,14.409780210850922,5227.039535143269,0,2
58,71.52798358334215,161.7609008257053,37.21293899299761,93.56813941152178,27.725455592255535,13.855920859996797,8893.306530504564,2,1
47,70.86075717785457,159.11899929378217,37.49352205771824,93.78133478539172,19.897393678176456,12.184348696953458,5590.341641441672,0,1
78,87.3611074370603,95.27765686243877,37.276881332655314,96.91466080657084,21.19339220182962,13.394881636286941,5444.234284635622,1,0
28,80.61818048544465,107.73702867246766,35.96472912328864,94.01502992288482,17.81017060310508,12.494145008665331,6552.52842435498,0,1
26,45.0,112.53452191186167,36.687406676201114,100.0,18.276850745071002,17.444265983430412,8568.677332878944,0,1
65,90.3268918535211,157.30645978035432,37.19266478926397,95.34536021010022,20.616419180544558,12.927283872833256,10725.94738759066,4,1
52,73.81475414928883,120.65564766075961,37.05753975485421,94.47587436719527,18.166455210461542,10.564878728157169,8342.767073887144,2,2
32,94.61507367667303,107.74407471806852,36.98069678529001,94.35397926367034,21.443611989101733,12.845650496673596,7972.454147768827,1,1
86,80.73255368614034,147.73005514536197,37.10403640185624,92.85864893662527,22.431401962903912,11.649231900003791,11403.581644422135,0,2
66,83.56338223419245,102.15286586845521,38.49912994932846,100.0,23.245719158000483,16.30547899830945,8826.354081712929,2,2
59,76.71826935751501,142.19387690896488,36.26474640843849,96.63548293733632,11.147519773636013,10.90541536913412,9170.324381355264,1,1
90,110.99133225306403,131.44623322121598,37.65048423966808,92.6892049663295,21.526251002003953,13.25308190158608,7987.332012622515,0,1
59,66.61142347302665,111.19157965561342,36.43446503853006,100.0,27.391208956317374,14.059957053736232,3594.661697430687,3,2
60,108.43130382168985,94.87244991470564,37.282581429765706,98.91182405145369,15.17438147740193,12.318785921895666,9355.851052255912,0,2
39,63.20159436664401,140.28692432096648,37.001228744280716,99.35785750343354,10.970100078735467,12.479241807585128,11168.18758092442,0,2
22,81.45840962808708,122.0159086758202,36.19527077063596,95.32746085413751,29.750912454305123,13.885995762005482,7925.727054685054,2,1
66,102.2005887345259,176.16707850830647,37.209117155280325,96.60489034089564,15.047435118287193,13.354986093440203,9796.12075669801,1,2
48,84.21911433975976,126.23431635585578,39.33402313242948,97.03147030373867,18.959779939543697,12.937121237685906,3370.6336093553746,3,2
69,90.90873464291029,93.32206216457392,36.87014200580691,95.98202090795253,19.535982472039088,15.684551648665618,4242.823162250554,3,2
85,98.6168520801608,107.70441900004332,37.17739165308419,96.08970662068492,21.39101412417738,14.961489015221357,3443.6615473666725,1,0
35,101.06822061938105,122.75921282764196,37.64249544802918,99.53235810530529,21.891212261454857,10.041791618237475,4141.678394176569,4,0
65,85.73950494968756,115.84153433987758,35.548088610608936,93.36563986487656,21.205043271987694,11.046668144120908,6307.593830928303,0,0
51,57.21077820849574,150.34464704978072,37.574037310520275,97.38432963874136,17.543830774727127,12.120417132919425,9913.400987330462,4,0
49,109.09636022107436,73.50013202096389,35.76227823675508,99.26261544195029,21.61010148387251,9.788611271311003,8259.224331524245,2,0
78,71.46742321101146,134.4954283720408,36.29747639591719,98.58221322846975,11.560627832191757,11.700004066271287,3688.648320137023,2,0
19,54.161433076606684,122.9399991312701,37.510931159510996,100.0,12.240117338672604,10.76538235712846,12231.340434644342,1,1
59,110.44682627069358,141.27013219892746,36.51420403852907,91.45335471456144,16.586290199611774,11.543651051309524,9559.30340105715,2,1
29,78.14484087675424,102.00862370730556,37.946345314554364,98.87067532994735,23.169003624055726,10.859471075744919,9138.693655598405,0,0
41,77.00201868036733,134.96507498751043,35.71329965231958,93.34889756434207,21.187702458192312,16.67197893586359,8895.808250208911,2,0
34,87.41704238329186,129.41552371040027,35.828169855227756,94.94436998371678,20.686061348404706,10.755022897526858,10056.949623582757,0,0
74,96.43114319427484,111.69741569261893,38.49483408167583,94.09702201915059,20.640012559444454,11.66126058846043,5878.884489206732,0,2
78,96.08196078316846,131.09655074806648,35.284881777913185,95.63802207547316,14.34350219192159,14.681644406263551,7368.805120664153,3,0
21,80.55092641775987,106.448932552456,35.66358956890229,94.36413559089893,13.575533699237262,12.57257849349684,5733.743745610395,3,2
27,80.49720781591277,143.49826659184725,37.691785396347825,97.82747504764279,21.05315945086233,11.072595780272819,8897.753946320903,0,0
45,91.60577113265758,127.15398062368402,37.29387614162801,100.0,14.226864523432909,12.47352431284425,9161.525002856972,4,0
44,74.48367772518009,110.08131385746015,37.195056360010426,98.68354094754896,24.60808758305739,12.137240910968274,9527.708575640965,3,2
52,76.6408660986911,119.15665585932504,37.49523445106972,94.33871415271155,8.0,11.085348228618663,5744.504972923532,4,0
52,72.20968680810826,143.17781756992107,36.75625615601346,90.6821390349283,20.153572773273513,12.291753293676438,6632.751383981905,0,0
69,86.43338175524016,142.04550291227127,38.680305912131175,95.13566433982183,20.07386162345716,12.82025631361205,6570.152980440962,1,1
87,67.96570048574665,79.81824315917417,34.68691086466936,95.7819952788321,17.559093203795648,14.282504713597483,7120.307468496358,4,1
85,76.00678770970619,125.35571701968975,36.80979953794254,97.71172178874022,26.577330556379874,11.447326559202427,6633.586029001439,4,2
23,80.66254709601606,118.0089474420496,35.66542861919999,89.56617073097166,20.376408516632683,15.538735324617724,6240.600440283909,3,2
81,90.02252276654043,141.0220626720257,37.08112592962561,94.61889546508314,9.844381076837378,9.805923697741688,8163.081802162946,4,0
63,79.9773344940937,127.49729933048485,37.75703249046361,99.06933408062044,23.89694631111307,10.995668869424756,9219.056937615334,3,2
84,65.1384777131631,107.2442552953326,38.13472247824524,96.93524099255947,19.52029126395314,13.568811528437427,8153.644736720099,0,1
58,97.50870575592167,135.53598578348902,36.36051460060269,96.66016285884676,24.877406622040777,12.379762667290892,8062.585856829133,4,0
36,93.35814302880435,178.89849332588955,36.53269327682874,95.47608535979397,16.74244003277318,10.74989558433762,8509.006473800348,4,2
44,91.85008078074618,108.89334822192342,35.27708809853449,96.71913517610383,12.370813457894396,13.679664145363434,9165.28163251945,4,2
67,78.03127408530804,103.61847667044805,37.964709964486985,100.0,9.386426507882181,7.896032748357429,6541.748185003255,3,1
60,61.46584314691335,147.04666370343338,36.89104019925099,98.11942447189037,21.754085200232186,13.41829688099657,4117.516542830226,1,1
63,82.24422500397392,113.63850542001718,36.250747477114444,92.15303567143759,9.704094498059826,11.435303479746793,5163.673613812061,4,2
51,97.49352988123084,174.6200032258095,37.07917720769573,97.62955634153053,18.362819885398604,14.102194365347609,4576.587182615727,0,0
44,95.9717875771224,81.02186398818561,34.297442527893715,97.38959558820333,16.616589028138268,11.242011167229288,11084.42560323606,4,1
31,77.63198520973289,157.6009903283903,37.42037684937255,92.9630186301057,25.036525173156093,9.989789896156891,13072.880185727812,4,2
49,88.81426675777041,124.10957591618356,36.03888929876309,92.27487986763597,24.30601192382116,13.510915291015348,4184.838956393992,2,2
83,83.53800883291996,151.77344458389277,36.565452456629075,93.94267850967485,16.01675755461017,16.184657903495815,2451.824966122208,0,2
58,69.97226883963907,152.33940118796306,36.37632389612608,96.856013290783,21.628590615906496,14.094348612472698,7614.468303657907,4,2
24,93.29077472002429,123.38756964414267,38.25504592869916,93.86390322771489,20.594546395790545,9.45777465986923,8582.132385802086,3,2
81,82.47181307053752,111.45975866019623,36.915135367365274,94.65439555936752,14.370630698753805,14.053968035346617,5009.648608694402,1,1
35,46.36699436919331,116.76142409381896,36.20951423987515,95.05608857267258,15.227690248131152,9.387197994407742,12296.2190269018,0,1
56,82.61272592505242,112.65275734925935,36.451427740444196,93.67001337573853,17.058890648319753,12.63674696944716,3995.5274679541553,1,1
68,77.7644350290769,161.6474795809306,37.29869989391345,87.43759745514738,21.213971848797673,10.518226660285013,3987.8826394390994,1,0
45,78.92092376617191,112.73725364804166,35.618608242108294,100.0,16.00650826888094,9.209527699148436,10936.929587962019,0,0
83,73.84285015121948,165.03580097645747,37.060086329946365,99.62044191671198,19.149300927236567,10.970350610286085,7941.675917769508,3,0
82,65.25819559466512,102.33045063013247,36.43259925608933,90.60618670776026,15.637222292198052,12.030149266344823,3291.5568197940493,1,1
87,72.8726684070871,134.4215228030175,37.95145603636233,95.46491858067624,21.519289834745475,14.792995934251469,10137.499612638137,1,1
78,109.55420905610188,115.37755645040014,37.26369529654781,97.1299834514703,25.131927067961584,12.446626809148388,6902.053397545748,3,1
47,80.33986406133512,133.64107388927118,35.84920292728629,98.79955181495556,12.260796330809228,13.421595621914113,10718.490013287274,3,1
71,88.65777731307332,111.70829959406899,37.32301400451527,95.65263118354548,11.908450299617694,12.251757875075212,5259.457331645452,1,1
86,114.4477634995005,124.02928800990031,36.55353578352271,93.18092454476036,16.294670264167213,10.217655768421828,3600.6250663747624,2,0
77,72.15088725052956,82.88152979554567,36.853252802508166,100.0,12.295988011753755,11.938104795631554,5123.394951898061,0,1
89,73.33358295081433,104.51251394033696,37.16436877840615,93.68051819948523,16.09692980772722,10.165886663980238,7376.943372279145,1,1
73,76.0691999495728,153.92300190227564,37.17646993400257,95.46256297752649,24.753358949893226,14.942709662769037,5751.4816896867305,1,2
18,66.96377871545477,166.06486911615949,36.12608091173299,98.37772208835496,17.17726646421849,10.957818144067275,6557.911775011954,0,1
89,110.5359149643984,132.76770526550393,37.58074791763501,94.66084347823985,15.908820019659114,13.56289580286509,5622.916520959368,4,1
64,118.2756684550163,132.84456200292323,36.782998068512015,93.68258859957719,13.829309618377884,12.696275064316445,2583.578744388108,4,0
38,67.92430599959627,133.69721114774322,36.990386717667874,94.29626175578223,10.67530918289416,9.42111198228272,4252.57029304318,4,2
82,83.28312083960196,127.75213261627755,36.33939144048442,96.80770664789065,20.51588762622469,12.927106217736238,9504.426551298731,2,1
42,102.41411951949576,100.69332513679612,36.700800105491304,97.50620101508056,22.227330231475598,16.671049255766313,8783.142004408342,4,1
86,99.34277710933931,137.69100909780906,36.805046443372376,95.54585909364636,20.797990545452144,10.764638493308555,10525.90051438804,1,2
75,116.05284449130352,81.13444605862492,38.60027130205636,92.53401576922543,12.652014505597798,9.98833662419608,11622.559557004648,0,2
70,77.83214656140653,129.78331353692778,35.00088131220043,93.97381051121265,13.961607127009511,15.306127095221573,9836.677624184265,3,0
63,46.85116606611371,123.28296292852221,37.34756299299,96.28196367438834,27.918201832218692,14.136805431063214,5606.153956527098,0,1
39,65.6094743672518,109.65462910266142,37.35644348805512,100.0,23.780268579786465,10.103053111258546,8578.679322544278,2,0
33,89.14859060312031,122.65347368753868,37.92990660585329,97.12313564273902,16.730214868231556,14.692341916981645,9389.051461182788,3,2
18,79.25479155650571,145.5144028155289,36.79503699404929,94.11778435214624,19.164003095560837,13.437815733618566,3483.438248339643,2,1
65,93.61082631693344,114.9937907945059,36.762147214705905,100.0,17.37918263352031,12.825972491673463,7491.227922333937,4,1
90,96.83979984823979,115.02680971336427,36.59862100773601,95.94678093231022,15.293759146261277,11.886834150204159,6119.204819604533,1,0
29,95.5399594141164,112.00574226079877,38.227214586354215,100.0,13.190248222451299,17.395744636089944,3652.934948656888,2,2
67,63.155768403552145,127.67699515105534,37.35597421194498,96.41439443441564,21.41564617161395,11.194139296349633,7212.395940061641,0,1
31,95.8596612531973,103.09487431027992,36.108448447508025,97.19713663807106,9.317065313194776,13.505796160309982,9163.561982625048,1,2
41,79.93066571755834,124.2733334585979,36.045134785935176,100.0,26.774815271488034,12.664173213952004,8552.854030202916,3,1
60,106.58943885010954,128.90381969488973,36.79995590186307,94.4839689101567,13.312044891266122,10.815488955016137,4947.794732760336,1,1
82,77.49511292087323,71.52828467026764,37.463896986077884,99.45913497163323,17.52048669501033,9.947484777753303,3381.7320568653813,3,2
34,94.92775479897773,133.11335174737806,37.140155980463085,97.43692809889684,31.10614971703979,11.505222808940443,6585.3407899952645,0,1
48,73.69912140495536,139.59351427233747,37.06507008066198,94.85339369022108,19.347718843893738,14.467335748321707,6919.3017641207525,3,1
81,76.6420240062066,127.46643796999763,37.5176869775817,95.90043860752084,24.540822330011366,12.341281476134315,7601.008747817897,2,1
27,96.7010433374865,120.99687203914239,36.72234856428131,98.19603652024166,17.48525829783256,15.151333941582655,7616.161122371213,2,0
69,110.08356413713051,119.81472669385617,38.53601844863741,94.65822134982515,17.13335856114395,17.656496006764165,6703.603994462306,0,0
68,86.31358058686237,145.12633138853045,37.25080134342292,92.86597243136791,19.52393843717642,11.009597704013137,7644.3328178254005,1,2
43,67.50581129306988,147.61791365914996,36.67916324695967,94.6773093853807,19.57756921646293,12.627417010739004,9837.75905723769,1,0
34,95.30499852745056,126.9756803777315,36.63904079667293,89.84335093236793,12.971808007653884,13.554033465791877,4679.184400179872,1,0
59,94.3464695538835,146.1100290399902,38.75162024293462,94.65412065767084,25.398285364814168,10.031688792823019,6599.488528386541,2,1
80,66.79729139324104,131.34565167561706,37.57750343437228,98.14625652694306,23.274815484670224,12.314246678375236,8829.167372953496,2,0
33,88.10892216709182,131.06766893314554,36.76765520251348,99.11342627424078,13.209050850497675,10.497873314960074,6656.490187301424,4,0
18,74.80367082189174,120.61408294253378,38.064667273762645,88.57675697384326,20.693173657874983,15.42349919253115,9797.652980018107,2,0
46,86.33084145882876,99.01093727147652,38.05325034555771,96.8223890217633,20.231154477449437,12.457469763038018,8727.832520422882,4,0
71,93.22135530885863,118.90616813162374,36.89549707906575,93.34638161315014,14.052860718017818,11.473264916297207,8467.007389072125,0,0
27,73.28523613019239,103.95007122929749,36.91258963769466,98.02703980741204,18.13214322531901,12.032917114266143,6896.524099617165,3,1
31,67.14104683458548,152.70838470976645,36.56328379201215,93.16483734079507,22.46360642101938,12.857627570832346,6415.301073052958,2,1
31,78.1781370234106,116.31953722648726,37.72128576006198,97.10312988604,20.52786492334114,14.760665042030958,9031.462804260678,4,0
71,85.2405882151631,124.9587320712476,36.192216717183335,93.47971772469265,16.6825372757995,13.332409912893056,6596.140256066072,0,2
41,87.02187517505064,114.95421101164011,38.04594603767849,92.58003711708163,15.539679005592507,11.233942213183402,9026.901011642934,2,0
31,70.6907489425292,114.92069482073079,37.05107169527371,94.58611493860832,12.166624642118837,10.837509660476636,10397.715248390232,4,0
76,77.26753386418771,138.43224448829423,36.401704403867846,94.53851631738034,21.448670114680418,11.122986115790296,6320.701909781668,4,1
38,82.8045089991895,145.67938875697064,37.430527394365924,95.04006052589698,21.464531709177244,10.004746520773368,9125.802430337599,1,2
64,92.22939770491935,128.57220183703353,38.27027411066311,100.0,18.881711442257114,10.803357578759522,9385.720439881496,3,2
63,58.53672644593114,103.30203582111467,37.1719962163942,94.44454049042794,24.473277364877966,12.499026163070308,1500.0,2,0
42,81.57249750881904,112.86911155214432,36.49797456436947,92.94664871911,24.02286963031196,11.341505460857515,8494.681815354732,1,1
25,96.95574175098321,103.38713827353195,37.14063247251491,94.02818331730576,13.293377755816556,12.74708707231871,4088.746220244573,2,0
62,62.39232906510408,120.0092938316015,37.5002418234849,94.24302610847703,19.33747598329725,10.942792497386083,4603.082647449515,1,1
67,76.02059074301539,127.48090912817267,37.15678935313389,98.2221384394638,18.811131953870227,12.155629967837799,3971.675665237534,0,0
49,101.42724770269609,113.61730064989399,37.8110548604923,97.37642020245087,20.66953504648946,9.284536708884048,2782.664013397057,4,0
72,78.83084523806882,129.10258795751653,37.592335275507715,91.47128341379943,16.89211442455002,12.839673351014794,10537.908860179907,4,1
88,74.1008873969059,136.45872099053133,35.41660569862248,100.0,17.533218966685165,6.7840489549363365,7163.879059268667,3,0
86,76.1211397543338,99.70518058784131,35.92501016625791,96.58277425175825,26.156608808412695,12.43555767549438,7984.444817763682,4,2
81,91.55006136781135,128.65801151781122,38.056934242408225,95.15607748162812,26.74082196817519,14.387348358759471,8300.004844195942,0,1
59,65.7574825536712,118.48530288361864,35.91289195110655,92.421183814001,19.74039133294358,10.358253778480965,5575.952708101042,2,0
57,72.56137402058887,128.70522650414011,36.58718175654652,99.71289765611091,16.769133657250975,12.83147393648523,5367.567591464663,2,0
64,82.27853908738962,104.9107344267013,35.29472561528979,90.47726105395519,16.100138750445502,13.067425065691351,7718.537703812121,4,2
68,86.75681240047929,158.03011231617543,38.06706633599503,96.99082836546289,15.594541791207913,10.13445717682378,8843.495526227396,1,1
57,98.79661949580853,103.68956050276249,37.85493251447191,93.68873224072911,20.633994720845504,16.138268560898112,9854.103784525634,4,2
32,85.95514675336494,139.39660446464336,37.36779658310504,89.3871385878812,22.748472354488165,15.955158067832066,8303.583391556494,2,0
51,84.1761840361278,136.64794243704054,36.73685337388948,95.07021345835884,16.34306630290679,11.9205728131408,7685.303378406633,0,2
28,113.72560435440639,124.38229321306046,36.279767737261196,94.69849586605346,19.58306877083171,13.803682483040886,7222.682958827377,0,0
79,104.9198456510577,125.384735538806,37.63081099310503,93.70721215560445,13.610321951817347,12.483434726737682,7675.74050425469,1,0
61,102.1257050897097,133.86423465369765,37.81826749583323,91.34629274715473,24.87924438008988,14.700609236027105,14793.139665760762,0,1
31,110.90766436931807,114.45438901224352,37.276927596941526,94.99727919763382,27.103294152444235,13.532931961267067,7655.093980107792,2,0
39,80.02063360077088,114.44319373281178,36.26499438831921,99.74064748089957,18.427693169032136,12.144462826815358,5517.597615605575,0,2
53,51.31999295517185,124.71124693778756,35.79189570790581,95.82698099058369,19.15359515453668,15.222942675867804,11916.5446737953,0,1
87,103.74211996869812,173.4154612772673,37.2166261625718,94.46363924816639,18.921816991321187,11.121117108850965,7384.368592034123,2,2
48,82.00229025631563,134.1544393379108,37.75108434422626,94.66359542529048,20.358005900129864,14.917489187268378,10159.850382128287,2,1
37,76.68633031187174,129.60411287414743,37.023154726004044,96.04903275460222,21.21439768985678,12.8345835286235,7995.37071533808,3,2
50,73.80924121613054,156.28302488435457,37.01350256381889,96.36451059897092,19.93476458159372,10.029905852256519,9515.361144578781,2,2
32,99.87348824829566,153.87031958153239,37.5243753328974,94.88796630743026,21.402796166883412,12.360429484994292,3864.5696988937566,3,2
77,83.81692968093712,141.59339446206462,36.43640231889638,96.27900848805619,15.140564552237647,13.955241076481217,12793.821340333267,0,2
54,54.855143235455444,163.9411105963385,35.209806396835205,92.87269954328276,13.673454790446023,11.877941055900665,8617.203701894869,3,1
73,92.32930080772621,139.14501914528273,36.91498796143979,93.8654815597055,18.45274820428341,14.263444694960834,7055.624292859002,4,2
87,109.6811682735856,146.49622229941858,36.67917758011255,92.98144242698689,17.20389129458679,14.387968344310753,8997.208351497153,1,0
30,96.16947658264202,150.2386268279838,37.47482923827829,95.47591148986734,25.38132473945693,14.625038361068759,10302.229311516174,3,2
73,83.54414710843825,121.5815776510292,37.64811129496729,93.11319731455546,17.703494551683452,10.12620324148456,5696.559120949771,0,1
60,79.1982768819319,111.56721195751652,37.82504723588517,97.84172393689998,21.44552956672662,14.058808261108243,6667.283653668157,3,2
26,102.94264975740757,152.96104311620755,37.691371174362104,97.91800905652836,16.859002213350053,13.172087815210624,8559.668115292243,4,1
49,79.1370603575987,145.21291933647586,36.56419222338289,93.62391228377882,25.38369849559645,9.430259625101382,6380.727851806891,1,1
76,77.1497235562744,128.0904809518581,36.08137808140598,94.48070443920118,16.972217634490633,13.977313607544435,5332.281958694877,4,1
62,52.945359570706685,92.81671872412778,37.28770624687837,96.48769271656761,12.680150967305703,12.257754104076463,6427.64932262999,1,2
19,108.95547954875484,153.8361812850012,38.05452744302806,97.14333603623096,15.712856868255987,13.664602800642175,5787.802865865917,3,1
75,82.91527672186993,144.72406037880205,37.95896910344581,97.94920990414008,17.890683891562286,13.659014096019284,8229.511277493093,1,0
26,106.16981513870138,150.2657154600324,37.11996422189448,93.15357144715902,11.090749393692004,11.699277854322768,7919.259213615284,2,0
26,112.31435345956717,124.64898038993626,36.77117993004149,97.60959137051735,15.670150378144386,13.506311638814488,5429.058112467929,1,1
34,81.33624634572872,75.78745294688468,36.47087847821738,94.21200130090345,8.0,10.35483227032559,3536.678373473703,0,1
45,109.72530637398349,128.81588412814705,35.56927389974402,96.48236001277255,21.512486410986675,11.17913291193772,3972.4207796182727,3,1
29,74.2779393644657,155.7120319792572,36.71088628218991,95.3752988933925,10.903584535759567,13.10634525962777,6735.300361056266,0,1
68,108.14858541373894,115.46086487350465,37.619676619388365,94.60902012655514,25.3555893725168,11.76581020172725,10591.473878310984,4,1
55,87.8122046796055,142.81293760873626,36.36545937175255,89.16364267111632,18.161994592988492,13.934772144688608,7428.612967105589,0,2
49,100.98700987979855,137.2052351425251,37.851661714231234,100.0,20.085692100116255,14.473819645501317,6921.3414343871855,0,0
56,50.77355790747126,152.685995315093,36.99046375084031,100.0,23.49139829131458,10.322218775939064,12127.524628893574,3,0
21,83.17776799776813,135.3350154677726,36.596075969771505,98.2613154425404,23.20522581003814,12.904381122132296,6501.548876270981,3,1
79,77.81776623474593,152.33882541872296,38.623807898927836,96.96349647808776,14.800741846705387,13.369103980904738,12313.108486352132,1,0
53,70.13634727451225,143.49209339492648,37.14129659332082,93.39971185269707,19.622681856241055,14.568435796387217,5924.50341820764,0,0
48,71.62102672806759,130.7569402944397,37.15855081850724,93.21569724338264,14.358826120140552,13.753329350540943,6609.260293457899,1,1
23,77.75512987266539,137.95392779767613,35.453551665903554,99.75079637590905,20.494208351121543,14.149528589532238,7073.687312885432,2,2
89,76.49347174672283,157.0963300958642,36.42719492794009,98.09861036022673,23.59327128230445,16.616151380368834,8219.521944309425,2,2
31,97.03814359111684,151.05590224552014,36.46774338476957,92.86361039887177,17.75375433483734,12.763838259021641,9178.758963400825,2,1
49,93.69911338840333,149.7270497697446,36.626884376477086,92.94675221644347,17.162763621999193,16.844943422622105,8266.882655442008,2,0
86,84.29599208022631,126.55931953469828,35.80953419785928,96.6955143662513,18.730784970030665,10.937810789353716,11193.422819160078,0,0
18,84.92964982721774,96.50234512328292,36.51880917662383,94.88103053232913,21.687857033735572,14.459603610049065,8220.819410060245,0,0
41,105.15067392682204,121.4640075818824,35.93710433771634,96.16839752286623,11.903299183822256,11.777724872620874,8381.058265041685,0,0
57,61.820086924898256,100.58720363784153,35.9628399798772,100.0,9.429571810095943,14.745387249722835,8125.788368834538,1,2
39,86.66115031643747,159.00808226601126,37.374911166370694,98.97661656282702,17.260487689702398,12.291637821544695,8537.229006019646,4,1
62,105.80700759947345,141.99190345332917,37.71666828055135,90.82579749894666,19.321192777519023,13.662106376129245,7187.17510297589,2,2
77,94.16369033375841,104.21341921567054,36.95898908303304,94.12722388953621,19.143705096975786,13.888010426663685,6990.830406243368,1,2
43,84.83719850086663,131.25641976795134,37.90565886123769,97.55627869690912,13.517127360397286,15.134965713150319,6008.108927540139,3,2
46,86.50377881386697,121.14541453391448,37.01104186577956,92.28560408302778,21.218986493498477,14.219490393853578,9844.470420623185,4,0
35,86.34100334388556,174.64090239768183,37.0758067196871,99.0599991729908,10.952303412100441,13.726353208497642,10372.765374042265,0,1
62,84.5205239596705,132.96566775582687,37.575009271771805,100.0,10.818899406602743,15.997288072317888,12954.743731284587,4,0
71,79.03753174365042,70.0,36.681653988885984,96.60902363766559,8.0,13.288011337907653,11897.562558154099,3,2
52,94.04920023060967,91.9912150384591,38.13852384679225,95.06877171356577,19.92218579414231,13.669508093684582,6661.994033559711,0,2
78,77.18968083918449,118.10566804370286,37.309529042586796,98.94503281432603,19.823370915955643,14.503495629811583,9773.445139573272,1,0
29,101.22474405247931,160.2510410626452,37.273755213351606,95.01758559910043,17.183504285336767,14.87613988134289,5052.067981304582,0,2
51,80.72992256968558,134.37466566182212,37.00266424928114,100.0,19.511694541332478,12.108543403094172,6253.517910781731,2,1
61,58.17611333461829,139.328480597778,37.655500369302345,96.60367066410105,15.455361240406727,12.655407929020331,11780.656576508474,0,1
23,94.89832842779066,181.2228948144807,37.40284348320949,97.13856499076256,20.56862551319663,9.626599641602134,7501.948937361403,3,1
31,61.12534718801626,154.69387494376576,36.25489078529319,97.33999219604972,21.36763623639212,13.455440011619128,4770.045762401569,1,1
35,84.10316180159207,118.50765331156052,37.33064211248765,97.6596621087875,15.186130997628709,13.862272599939363,5625.319099862962,2,1
31,69.34999270060314,112.22774027227102,36.37340014812844,98.90387511555134,24.01847288057479,11.539609735169662,11345.655971998856,0,2
40,81.11601854427136,125.82165500909838,36.49409675175359,93.73010454402764,23.892116930634614,12.78352702272565,11246.526653194407,0,2
64,74.59209199148228,95.88062397546769,37.74274016404579,95.03561902729014,13.453717449501982,12.222636282242636,11652.03328759552,1,0
81,90.33031525181752,137.18129756911878,36.43487836059765,93.36257691003456,22.27772549309906,10.87813607901273,10516.205984459673,0,1
74,67.96308892492003,114.59536671133066,36.82928667647349,98.4759320543154,24.6804231364555,14.744820142316911,10346.414113436476,1,1
27,105.67089671716451,75.11024813480479,37.765190673248824,96.1361106101076,20.416401052506927,16.114611159078066,9789.814266033492,0,2
35,95.51868732090988,112.14290791720043,35.965930532160115,90.93210937532041,17.697391789383115,13.214091417392897,8524.59860277273,4,1
81,72.52927537598197,101.93555054098267,37.099867894110034,95.16165634993618,14.804651134543004,12.31469460526667,5821.827894248472,3,1
82,92.08663538147958,110.08505124447218,37.449268619033866,98.88990726966024,18.2158695421448,13.22918559106985,8569.351133760012,3,0
42,61.7733867014926,156.85908801095366,36.15867945402399,95.77597656087326,17.306809329493582,7.537734052397959,6633.765998352128,4,0
29,95.81003508349599,117.93686612383945,38.517353426084625,95.46462641223744,13.231557665057467,9.318267160369132,4975.802874336099,0,2
90,95.82134987452125,119.85375942981642,35.7138847297602,94.0001336036787,16.263255664301948,13.413758474054465,7184.50753852876,2,2
53,65.55857598572743,121.25378292135626,36.276767227598896,95.36214395644687,13.400537082323023,13.044879566580777,8405.772462133895,3,1
35,103.19278747630123,136.51676237994118,35.752149239839945,93.37098399895608,11.915018343159744,11.018429451668437,7817.818926429727,3,0
35,108.20258962697041,143.1603023592439,36.79417611723557,96.79173541943969,24.435814761253987,11.528852779296624,3229.420484639564,2,0
50,69.63409570369036,133.1741369882336,37.375871523821225,93.54288698448916,18.153795094006988,11.245848400483002,5244.524516888583,2,2
46,86.47907451773649,156.32214524623282,37.25770043792918,100.0,20.547436703478038,12.911683660987075,8684.052315373054,2,1
18,75.67420347383558,104.95128780847526,36.371525602598744,91.96105010891024,14.991909227858088,11.925584160795674,6532.203053741661,3,0
72,80.93705720178721,116.46033795457353,37.878604548331786,98.06120669343385,9.789875705015254,8.88150964433164,6726.774667394242,3,1
43,83.01866777586918,94.6226089421768,37.67733735822895,94.75323507973597,9.594217503464703,13.406657229655686,7568.318686574434,2,1
66,50.71950533702912,129.1351346875551,36.900722855069944,93.49877519405068,17.09904625090219,13.598113573837427,4609.5278166931275,2,0
63,83.89870462573676,81.84871997956964,36.95020408403625,92.64359228631962,20.44167556996536,16.113699232163786,5996.545854686113,0,2
61,80.053285461267,131.42392606094032,37.20742388021389,98.96466217349369,14.521105091045058,12.509817119759433,13210.059233621876,4,2
45,77.69405519098156,147.01859556689334,37.02094954033123,89.98345243339774,15.164065182268434,11.49899164004541,6422.91996150009,1,0
80,64.78308640775194,139.77759694948995,37.53199006407219,94.22864048700427,17.85308608051976,12.07464893068657,9352.50184064278,4,2
50,61.558717660313405,126.95088528824748,37.08572803474297,93.15812795386191,11.947500368997645,10.531421990138062,10557.83143921791,3,2
27,93.38663241719526,135.39088700780616,38.57525899165661,93.282328558714,9.896009877458297,12.909423289710956,12990.075374978022,0,1
51,79.54440241805005,153.3917627145433,36.68324380195457,96.06402878066069,18.565847247818905,13.15760670422898,11122.133271556339,1,1
43,95.82148317307745,93.09365100646932,36.528044209932915,95.46223357409308,12.938896496084716,11.656830334890856,6983.823764352361,4,0
20,78.66737276924333,143.72036284892135,36.88381004088209,93.86211546267074,13.78438567605886,10.948553805419962,4734.073286392614,3,2
34,84.65501922433187,136.23536756542757,35.211768190386195,94.59544086266838,22.989077470280197,11.756017221970577,8324.370760039124,2,1
26,74.57397338613093,148.22098684439445,37.96904903478805,95.98050812096302,16.34666769361512,10.32350340332075,7662.486569842553,1,2
67,64.31875630631062,136.03775611309686,37.166233363894605,98.90345541710558,10.533837173889012,11.649989474965105,9407.7553882886,1,0
41,77.14765524276083,111.43494624988907,37.28211537914387,97.25245231349987,15.496418478589558,12.928518307008263,2692.0836472853016,0,1
75,73.21488718916322,94.83176823930586,35.42326189614074,100.0,25.710449666518144,11.851988419159168,7523.398272610491,0,2
75,70.43600858769713,139.90725081078233,37.57691430942677,91.07672937568599,13.737984923987682,11.385720627058763,10456.879877184492,3,0
67,59.68367547100382,133.95393413007366,36.88356228724405,94.55599005451754,12.448812743945634,11.899207549642346,4557.398269918791,4,0
63,95.46109369490794,113.40539371837482,37.52951698902726,94.99613749412705,19.548917562546574,10.71830946416067,5040.130114674278,4,2
25,111.14115484942322,140.66599677896164,36.35143283396829,99.11081852704238,24.365334287364977,13.129737681537977,6311.793027039227,0,1
83,89.12708727006954,151.27044922965587,38.23101473804227,91.96987154579651,25.51896500171663,16.588921071945848,1500.0,4,0
78,88.42883856991894,142.98067076609738,36.58337303946644,97.53475389224236,25.2299752879154,10.587846417193324,11984.569216032196,4,2
45,82.35277602464015,115.67699309263061,36.76797990889465,93.84171344923426,14.208116355698914,12.225591444511952,10402.557432466245,2,2
19,58.08420637248584,121.77492962516529,37.42359866893647,97.18822872355065,24.992273861958456,11.600050372165224,9855.054635122613,4,2
20,89.0589232990069,137.03455690576234,36.60852562112756,95.52215705933237,19.80334779972665,12.219636348490166,9255.439347632375,1,0
73,97.28815117993295,148.96108494035235,37.33370267165701,96.06772751123846,18.55597661907807,12.265157247009808,9459.87684616676,0,2
25,93.61457195298473,118.64766534344216,36.67102726097877,97.97577958103929,25.894603681612793,13.723619543937428,9193.14069903005,2,0
63,89.68128650986971,118.85727227093236,36.95364109024562,95.56295531762873,8.26511441873733,8.247457116257056,7116.369704552832,4,1
24,87.29517389668013,102.7109261274247,36.56172770507608,95.7612019114955,18.762537436296725,14.511432991412763,7744.908303194931,3,0
37,90.89141226657429,124.62865059964423,36.9623733572403,100.0,20.42889000106836,12.556905062361906,5881.082310738824,1,2
28,89.11634779418546,141.47673131361114,36.998006138568506,95.46013828130681,20.49407459466592,13.382101736570624,9388.393579918687,2,2
57,71.8226024965569,111.17289041366834,38.15550215868969,96.94142678381743,13.781834840866594,14.394719842585843,5862.129660665846,4,2
68,58.93250620828111,77.67838873356561,37.24415573023311,97.2803633387873,21.68510419854094,11.997319524569363,8826.295833535161,1,0
47,85.01356119720376,146.73526053159878,37.486267163110234,97.27189535201082,14.814155135144023,13.171524589257015,5566.442857903402,1,0
74,60.479063665581506,153.43745351723229,35.093521766759324,97.62193615799897,26.79950512650018,9.014441214705538,6147.332206326158,3,2
36,59.117129971115546,112.86823850218862,35.64750271333974,98.57282002908306,16.043177520916462,12.815145203945034,10854.326143632663,3,2
23,76.46231357195165,133.56698035687697,36.02018972204346,94.79205886096533,21.921466428480173,12.946403063997433,8392.90070714212,3,0
47,63.32161251856367,154.45139123130082,37.24017743451938,100.0,14.840697551260163,12.621685615931295,6227.6388278622235,3,1
79,76.73778160669218,89.005809754871,38.17056702700525,92.3755775458361,18.091099115380196,16.590198022914816,6437.231436772066,2,1
41,65.87987815701436,100.83823032006839,36.539941830501256,91.68389714717306,23.857709162785973,10.254487759800764,2953.9246236961626,1,0
39,90.53466458135998,169.40237006568032,36.00895454395745,95.72342149748533,20.56955538155904,11.592354658612432,12581.815724301523,1,0
42,73.86140974837062,97.22126480523255,36.96083182719975,97.9031604784842,11.2080567378536,13.716059079348529,11496.015627536028,1,2
84,79.5405588571176,104.058916077476,36.976960203583126,92.5247325988985,21.666523885133625,10.060859046432862,4631.880123509217,0,2
68,99.41675720485026,112.29272742862925,36.54953882067226,97.4885276534676,26.451452538998584,12.251113430515112,13225.701429366785,3,1
36,78.15522425375666,106.09718072790174,35.444034550280655,100.0,27.946643360928665,10.302719727643389,3869.8532146276307,0,2
33,86.67619696971413,164.23219528628942,36.8496938584887,99.89340412336935,20.86719319252668,13.337272412392597,8069.302798892126,3,1
47,69.56498786210223,136.311993321713,37.4876765206964,96.90357185963066,25.48734221955889,14.556269998239397,5751.2217195947305,2,1
39,62.8488151401512,156.74068900373322,36.13330601339945,96.55129300740133,15.294253139384761,13.561940033195208,6557.754306929749,2,2
82,110.20904162344834,90.42302876389888,35.563806851440305,95.03053596027868,21.544956464865233,10.738300917464377,5978.516869287578,2,2
24,83.54650783854957,107.55313893645011,36.81547064610598,98.25408889215247,10.614538841835852,10.066765477917453,5798.35783704328,2,0
22,93.71519438592267,106.95961293707458,37.81905335243541,100.0,8.0,12.044548541826764,10815.407632545157,3,2
48,105.30750315814399,120.98938089847672,38.711893528108874,100.0,12.967151518474797,16.337822361839677,5933.6920351737745,3,1
71,101.08129580024604,147.3575778748595,38.59194925550685,96.05366626212704,26.617630162322623,13.120205679637806,7387.6570131045655,2,1
69,92.51543750146715,98.63721088053501,36.03885351967371,97.01007031277541,16.56767357749614,12.303339297285927,7861.787831254291,1,2
59,88.56294918233917,107.8176475842627,36.13194442277142,94.62322144510593,18.64394068804923,11.736231411970229,10168.919334206093,3,0
25,70.75342175989068,130.94653005947137,35.31495175708153,97.6965442817261,18.716524146746604,14.725284325445923,8758.571606123678,1,0
69,82.48832611642466,147.2922404159343,37.95217489284486,98.97740908618162,18.089189269193707,13.863718130242917,8369.76658856525,2,2
75,57.04248657634109,91.08881937128325,36.49375121846493,97.36934701854722,22.04668758554942,9.274640101921701,9238.105378565464,1,1
76,58.524125467756484,128.01727370165108,38.039151303525024,93.27269571191896,18.389757299113676,11.997084790911273,9229.34894540496,0,1
60,107.27534853118748,126.89759749076964,37.05790371744014,100.0,12.888570703245492,12.447990773150929,9716.324745546524,4,0
84,91.28625437260168,116.94141627206854,36.15128847034057,96.12927955881098,13.98080953704326,11.5487101498964,9240.625218109442,2,1
23,91.40941319474392,146.01623483196863,36.51298027378401,100.0,19.130054504081116,9.384205859369038,12823.937273770383,1,1
79,92.96771589044815,92.96609500758542,35.546965502990645,94.01086493659514,17.429756925172683,13.939036883449901,7863.523311184486,1,2
18,104.43078231012502,162.00823140328743,35.11999074927817,94.94206362204456,14.035750452087772,10.695843377408002,9527.777516816537,4,1
84,91.79297688264941,103.37891551008511,36.8067419285604,94.11841758094204,8.0,12.088707741026827,3751.297160472989,4,2
79,75.30867716269127,120.26866707098462,38.227121331507625,97.99152750169596,9.802429547295008,10.197301418103114,5838.263612060629,2,2
38,97.40270249347968,151.18926499315873,37.169506047172725,93.60801403750446,20.25034300795487,10.917524053679747,8065.487354735293,2,2
42,63.61017374647136,146.20074906142196,36.265995851249045,99.21060358376425,16.35856462797566,14.21502825416421,10597.517132164667,3,1
48,84.95603180497257,77.59938785435716,37.15499585978253,97.76213330420913,13.319086619724393,13.795605733016396,4993.595788479355,4,1
69,59.903695292519494,112.57063769431794,37.43993765719183,98.267853754478,11.819842816997095,11.883371682578128,11585.058603606394,4,1
89,99.26283198924827,137.55499858445552,38.21901138878494,96.62753479137926,21.731737163979428,15.298582853128831,5939.652666539898,1,0
65,86.94907278907404,128.6130557190812,37.9529878857341,97.46327955762749,19.286858259961093,13.200199609929731,4542.241024955746,2,2
62,132.49245482090691,171.4475366571828,37.994567568336585,96.05734261986345,27.314560012693683,11.353417237118839,11675.737888909067,3,1
86,73.96732245783696,105.65384087764505,36.31060665404158,94.63511177707727,23.21913523366218,12.012345948053738,8148.598737722939,1,0
60,87.64807126968816,138.51992404753753,37.35640622252114,96.5918305278572,18.9262611959221,14.587802593804204,12023.615553798547,1,0
44,114.9896722638845,115.20002337083548,37.48853286657468,96.6180188617238,21.60318450551361,13.908321366006353,10588.734423734586,4,2
29,84.26593264191119,70.0,36.161300751448216,99.12477731736445,17.027269754672094,11.056243673260033,8679.27945047546,3,2
69,78.5349071440597,154.45695839690154,38.02218482995935,88.34733470229291,25.351707256272007,9.899770357689672,7706.819131972885,2,0
51,82.76642583782625,124.35060039433914,36.5015319775681,97.39098541315083,17.81978038402418,10.27547373428699,7447.021127160697,3,1
56,81.75216433268355,118.02199202616883,37.33143287894356,97.96385167446503,20.366119599438175,15.311464010913223,8445.27436369053,0,1
58,108.57404730616301,103.74851383528735,37.28084387923409,93.7123752510428,16.708232454071922,11.975072921328167,7839.793257593535,1,1
19,79.38446315518826,117.10651667917313,37.57943615271753,96.12894525771779,23.755717037604526,14.740746886799634,8540.107549260343,4,1
27,109.17031300694535,122.85860088476335,36.16127344939905,92.93650312171738,16.180109516497748,11.462429210586661,7070.873098390534,4,1
49,90.52026664674578,128.51666570334123,39.12130291369769,91.12916829442433,25.37560352773729,14.291147314944405,7747.86222965821,3,1
55,80.48963343557605,87.33582712830328,37.874797419050964,96.71964279440051,14.126181324534926,11.213834901189829,2816.812070710055,4,2
39,93.96538874593955,148.21324111002616,37.244410709717464,95.55709376568173,18.847146727888806,11.352927925702005,8776.564143159501,1,2
67,98.15752288304645,117.24430042661938,35.50948521728921,96.34567923463943,17.252288828618912,10.48729361350581,11808.7937200006,1,1
40,73.63326991697967,139.23907100037306,37.56878047671877,96.83599789406613,22.32300383411281,9.277652544460606,4933.825483109079,0,0
26,105.81594951889807,104.3458620167409,37.063393910051374,93.64549309872518,21.54547461574301,10.981996205015415,6747.030510749199,4,2
62,90.17391513354018,111.28015327516643,37.00178413335198,94.80446196999208,19.1672728581822,11.511941042685127,9510.978719782892,4,0
86,53.945361631910856,109.29339983634047,38.26848644621608,100.0,12.11853183636314,14.067923911021142,7502.717186573498,4,2
42,67.91819634717385,159.30181162400567,37.288326694349585,91.55828858878517,18.35358197850256,11.468361916047602,4088.9190397425605,2,2
77,113.26546174014223,153.80914158517513,36.85576316231106,94.79034470839352,26.39650923754739,11.248290649529151,3161.597529339073,1,0
50,83.29650583597085,139.24583846936036,37.43912481838729,91.864353001378,12.911077980363281,10.512515845108535,7350.537882085117,0,0
87,83.80359002754314,155.80942024808553,38.06422878252424,92.7842565990669,17.580718002329807,15.653228174119393,9641.363181701023,3,0
30,114.99996584198125,117.75265314657759,36.94563168463822,97.58897195920032,25.996525519175236,11.215743528642905,13332.08275501617,3,2
44,89.57079458438659,129.43214932773256,37.97099460281949,91.03184028972528,25.302803815334837,15.019959721377454,11636.86241629499,3,1
33,92.7795706735404,145.0623932528787,38.12662309460008,100.0,15.493830730750084,12.751713959593006,9079.853325282582,1,2
84,95.64251100531219,118.98731552301565,36.781882593897045,93.04289341588431,16.185634715152585,11.504012567737359,4886.109632471804,1,2
59,87.80704194157394,123.64658186006945,37.66991987631972,94.45019802355064,17.46934972837169,14.374626471699626,7499.375600080543,1,0
85,95.46314451039163,140.62825588674764,36.7534486020591,95.14033117489934,15.305079036681382,7.60190118626877,5004.101884556563,2,0
75,101.66850932834495,104.43461098015452,37.0880805986397,95.9853100318246,16.95394763877228,10.591765487337092,9459.707502862919,3,0
28,89.65356837965147,120.94334793195318,37.32914459866291,94.38816695305661,15.4232986407378,12.104707059320333,4858.385469701085,2,0
29,112.7147996473658,139.02062660043515,37.09784215501884,95.61031745376701,11.520369478205177,14.349279525613046,6687.428578871912,1,1
36,89.82512250441061,158.77735386174905,37.466418639545644,100.0,8.272055411652154,13.298170989933771,11261.323394060679,3,2
50,47.52638361408482,120.81284968740147,36.93410663647257,100.0,13.918982190334038,9.720066758950352,8264.640773637735,1,0
43,91.45081664068915,76.27341387949875,35.78435251669291,94.24943860181185,21.317622151170788,8.47411097958584,10586.965822393193,1,0
39,82.93020996318084,146.4723022606469,36.57825626042576,98.64560640876803,21.138708919429575,14.05835336468072,8296.929681153259,3,2
34,79.6387354200038,79.67993154784536,36.050360853972336,91.10021758752704,12.99580401746499,9.88732093095062,2198.0198970059073,0,2
57,103.72482195747637,114.75208844108917,37.91816239769955,94.52770896771858,13.13709889998805,14.400854168220564,7463.095064110881,4,1
40,86.37629396276658,161.34531559099398,38.097120989212605,92.81478296891655,20.16699411408903,12.73275232578222,7139.9005102535775,3,1
41,56.15901776544914,114.67983227204319,36.671236408380125,94.42927096132021,24.562209215354883,9.681245232610584,9282.735433694312,2,2
39,80.15129991848687,140.57032869564947,36.486802967123346,96.54050648553914,15.547731115793905,14.165881516173974,9384.991648340072,3,1
83,86.47051772221951,116.44442893558906,37.77367113025388,97.06069769284277,19.01576690167508,14.766333138724612,7608.476510695698,3,1
44,81.2996032793142,129.3161966111131,37.06210675376296,98.56773483523399,11.098992529152238,10.9726245913863,10396.767735676154,1,2
55,75.92778533154944,131.64207920156358,38.87927612886053,91.85371008841763,15.825492113690368,13.509173711620358,6959.1433072922955,2,2
30,89.73660145236269,128.7856990541315,36.60687404182578,95.60270115223942,14.048788083344636,12.576537952539065,9111.557540025968,4,2
33,128.25448528081992,84.25694924583853,36.311688204568895,92.07329768550552,15.312506547478085,10.013769022661586,10117.16412406133,2,2
70,120.20719384514487,129.81235756874264,38.535310179329585,97.54593372774758,17.765551540280075,14.63009014264447,5018.989713752153,0,2
63,85.57362448220928,114.70804133806553,36.70039289801914,91.50846790343547,17.654160236836912,16.423454112181233,8758.838599061126,2,1
70,68.47681736995618,134.92074064597813,37.058837843359655,95.64415303174022,19.15093164526837,9.381965759981952,7961.133734309585,0,2
46,78.63637952184361,157.18021586294097,37.12512626295289,98.15526122124872,22.748272226494635,12.486843023843699,6592.215417353362,4,2
25,74.68912599079164,119.8702783961222,36.23892276291539,97.1920047821883,21.249641483321064,12.430469537581564,9627.827543007383,0,0
53,96.42218661961253,112.914932474876,38.54355899455725,96.53727857262001,19.078595834299115,9.684659208043941,8686.475065879933,2,2
31,78.17246812673142,119.5961565838368,36.25011320530388,94.71300529344079,19.082788494737116,12.090333378712597,9762.193255988914,4,0
30,82.96081676498335,112.98743673470746,38.080257364385076,94.02306079275189,8.0,11.10511335164799,7427.003631939123,4,2
59,76.75980605800694,140.4291685156468,36.31545723744495,89.68024309792347,19.554183753202608,12.391628479056415,2907.859461533875,3,2
78,120.30061194307999,94.96184922425104,37.28824012588649,97.57486688880782,19.421156957958566,8.19347269999363,7622.32241099811,4,2
48,110.5601600898016,116.7221419067932,38.0685523024448,94.02612543591542,21.529283961063342,16.480547120959066,10985.913231174562,3,2
73,75.6445596057383,152.52006316135905,37.58981697353949,93.95394235468865,10.58087862533476,14.035861370307936,10548.4413341451,1,2
60,89.81573952992018,141.63838080850238,38.286218617789096,95.45053890955957,24.719235909439476,13.426358897644707,10480.251832630105,3,1
42,66.99033662824769,141.55317187960569,36.97485853861075,95.77401041908558,18.4317686058574,13.901492874574195,6618.270204582786,0,0
20,88.9122687087961,136.51401322044353,36.925084932481916,90.98786987112297,18.789928386122504,15.550287083509955,5912.175345597332,0,2
47,92.32171469569055,117.13115667740745,37.77713967872477,97.59919358851668,21.682900868281724,14.038585564493104,5340.896152796756,0,1
37,98.81120964573387,117.43225150104266,36.251020298216076,97.86240593405645,11.857102210949002,12.9394855977577,6899.995304564651,0,1
69,55.7685532515558,161.19342046082392,37.307014464053765,98.50192551601957,20.18655440417236,12.688344757818331,6437.607733895813,4,1
78,55.62795613511366,121.7846984898259,36.91242232391384,87.9904985529876,20.23851266644221,12.41934128438735,8301.322262396534,0,1
34,46.75852794823673,122.53532760121362,36.82112216812187,92.37722020888444,13.31493771415936,13.476574125140452,4422.290760937155,0,2
58,60.19010300611074,117.83374156034093,37.63364560873899,93.62501267062927,21.146993736498064,10.180615088209265,11068.582279388356,2,0
46,76.52665317479901,129.84967543302614,36.63798805076266,97.57052903760226,20.858888925721462,14.376317822008062,5427.890929630636,1,0
24,101.43877393866819,136.33936235673943,37.431669079111465,96.49237423651142,10.811347979252812,14.66437440046072,10732.53220109441,1,0
50,91.4647508794767,122.49990908949867,38.39316332631578,95.72999283792744,9.80386418834699,8.786506655817215,8317.825405271036,0,2
50,79.05520236265596,105.01051846977252,38.53778809401828,94.84875863398663,8.0,15.535334684763935,11135.933599835666,2,1
69,78.36898775383094,146.3117764986648,38.25628190644508,94.44054959667857,27.336553621835016,14.449048231502758,9096.037181369971,0,0
60,78.59372417611245,102.19512972304538,36.89159211875282,97.14699950006586,14.56913899556164,11.811615988136033,4212.424079977044,0,2
57,77.50026188836611,155.66921673438952,38.89160492317888,100.0,15.502284540406956,11.622879258566382,9112.488359510575,0,2
73,54.88979114311458,148.7352982792113,37.168650444233904,93.59085304484559,15.630175325594648,13.120494764377332,10853.080175679923,2,1
32,71.08436295871522,125.44836529314094,37.07529925584821,91.01907068418461,26.320697095801897,13.30759155262234,4940.430691778853,4,1
78,46.414193926502925,124.57129916701182,36.628560758690845,100.0,14.48500201429973,8.828821684516093,11363.98137992527,2,2
49,101.20983165015673,135.6284947592753,36.09620122508631,95.03754596875679,26.542759906187882,12.13288818713747,7307.379969966081,2,0
75,89.0196549219075,101.0357842335496,38.25362771884847,91.92594285865557,13.38474003231449,14.023345571542853,3650.4998686191275,2,0
78,85.39535127783033,142.43919178017853,34.77051322867427,93.93471192964495,14.10627018112915,11.994046822387027,7096.299316377969,3,0
74,117.66516916320516,119.64151278564292,37.79746444267057,93.42622483110208,22.838912777345072,12.5927797530291,10390.736838235012,3,1
73,71.2295085882263,150.90262318548847,37.05737535774638,97.88929126397807,21.971315912546793,10.253440988389553,2850.8284493446217,3,1
57,60.691027971757265,124.79473655006157,37.10847130349567,90.38599478946573,20.021225753249567,12.225810764221404,3047.139834729869,0,0
41,84.97936402418571,144.3133533811591,37.09606807330278,94.77249449560261,21.86167520164246,11.659953199764953,6656.270559215252,2,2
19,63.03046574913172,137.76005396340508,37.31977812916623,94.67225368188646,28.90327132583348,16.667440440331667,10817.505402400153,4,0
55,121.49174437002571,139.149802656453,37.42484089108863,98.50998818511499,19.34270382691684,11.83914497293846,8866.079268120551,2,1
50,89.10100707631858,131.7985295338259,37.47976110458852,94.95684683508142,27.05431885480585,8.835483904549118,7272.171459680863,3,2
38,76.73160322488295,93.45735736191446,37.799530601889735,94.06253245466372,16.540805889214326,9.51304980319431,5814.04057731829,2,0
20,79.07083715568821,121.22023043647292,37.65060018049392,90.13150290371091,16.111508883270012,15.196956605169575,6743.957559577665,2,0
49,98.79284982719216,137.4612052474773,36.84172728357334,90.42799354159452,16.235946964144492,12.464113559738816,5489.552720034311,4,2
76,87.66079311234985,136.47254657094186,37.76023470249422,95.577377729429,31.233850093152757,13.227349027700633,4909.693338413465,4,2
25,73.41792427535303,128.19104499409514,36.18799412703688,95.15124891427973,20.581643819733532,12.047390717023235,10097.17172775721,2,1
32,95.36768834055557,92.28313313855224,37.47484806886219,98.03073251814259,8.0,15.415935879484712,5247.849704164748,1,1
39,67.4848617165051,129.68922094698732,36.11571787936262,99.43115718347221,19.22446913086264,11.369611132008304,5897.454712368571,3,0
46,78.80277184986144,162.65272972646153,38.07056869084189,92.86446854807406,27.50509890007259,16.488462581405777,5006.612640035213,3,0
51,81.9026122525779,146.65733861923655,37.157751560289846,96.1571414219786,8.0,13.48728924293331,5070.689063736049,1,0
19,87.27055608463198,133.91290124675652,36.56642372717056,95.0023442772331,22.77496481047654,10.83707260710793,7280.590057435211,3,2
46,71.2128922751264,156.90211269410432,36.1897399769516,92.24270139881529,16.717032554419006,12.428259968261138,11233.382798170382,3,1
85,67.95686061574825,126.76773940789019,38.22801030038053,94.8941137070805,21.847134367612867,12.382979567161495,3449.366203569787,0,0
82,96.13714088866634,91.33695138480317,36.642118197153124,95.93429889247237,26.654301782744344,12.626589192125556,4777.052237976492,0,0
22,74.16256489232902,133.45583122457413,38.17092995736141,96.72502097354813,16.88792913929631,12.54812467189572,6375.186085898047,2,1
80,94.72218566591485,162.47919804428608,36.132151227821446,96.45789231993774,18.88682216340797,11.17723571254328,5033.4297566448,2,0
75,94.22160195620424,140.40475281949384,36.764582777743094,94.03943914671466,22.05133808489025,11.356762082110672,6712.8563864992775,2,0
49,75.9931779993761,140.80275697652473,37.971702662702356,97.79272594040005,24.373190207904607,11.325388714642086,8955.63533893883,2,2
90,112.16240398906886,101.66539695154393,35.67886363627624,97.90498280116972,19.797833150108033,13.674616817140496,10869.588926614884,1,2
44,101.3989602568014,138.18553700224965,35.468180736729444,93.84405027518248,17.101123431706725,8.159891330864935,6127.333740175901,4,1
71,60.72881373795745,133.53406822777916,36.23466995590495,95.15487838535986,19.431066229336302,14.835378109112444,9810.841417082775,0,1
89,100.82770086552532,169.35779293734953,35.66405889227405,94.36015105092201,21.158385706517002,11.018741253357643,11089.539535495402,4,2
27,88.59468871876385,153.60215937342542,37.908239931653675,92.38814949845407,13.234536499514746,14.848305548750039,7750.163380278808,1,2
75,54.47669142608278,70.0,37.97000863929139,95.83900043883914,19.96359253578907,13.87372010718068,6992.464660564067,4,2
41,94.29706899383041,95.65275589772163,37.48226675247137,92.11813186602174,23.442382002540747,11.257548605755042,7713.163158917735,0,1
36,45.0,145.16793917537262,38.56882312525552,97.72868687760621,19.585521459804077,13.684241653550027,8532.800073483293,3,0
54,76.81685051852622,119.76636196918172,36.69756758743439,97.70403755575998,18.735159210738885,15.403582725255006,11588.985423053782,0,2
79,73.58544734344409,115.68247028555523,36.61330952994925,88.2971787975616,18.827326294158233,14.818235642709924,12700.616609705818,0,0
29,60.153867887233034,119.88585714880337,36.695318936323936,100.0,21.64885999151347,15.525794166255904,5742.37260575527,1,0
59,54.19833915766209,84.91199507317063,36.861710204263666,94.15956763953974,23.201984400135608,10.151745806795482,9700.621214026798,0,0
76,59.9361424646165,112.5887158121558,37.53766708184688,95.9430869967739,21.09457020985673,12.860238820350407,5345.535963424722,4,1
57,78.80797961771111,146.56560907552415,37.40823057913097,97.52968729992604,16.237096735312722,11.08353279029569,8759.717118291563,1,0
81,102.21112824722904,123.1539339354047,35.150387274625295,96.2844548033424,10.00966894875564,10.897711370838724,5001.022268539524,0,1
57,73.31297163508148,113.22579892426114,36.23923879000021,94.51356380988969,23.152979515623162,12.888670240443144,9696.877632579522,3,1
61,55.74813179115609,130.01993678619488,37.110509181072466,96.37373481995276,21.813898058210228,9.637845824502758,3157.8013591433464,4,0
47,77.9293566399552,141.87238382240344,36.19390186395787,95.61321458706072,10.44130602666066,13.154653273749261,8495.972314849532,4,2
53,126.40457262235994,175.82993059674862,38.052641778173275,100.0,16.129446975585587,10.943669102373917,7597.700538025534,1,1
41,54.01784997967056,91.60209554322545,37.06724478749632,98.25035650295972,14.481497840851603,11.644748742066511,8011.562173305632,2,1
74,110.2586763988094,135.3387257196433,36.521356793766124,89.75993397837308,22.226903964714335,11.497350844124632,7139.779722509408,4,0
45,91.32490791507823,126.21970390854274,36.92319958222775,88.76465144022643,9.985452456193679,12.175328522471045,7913.611057747485,1,1
26,118.85204635316131,131.63811695575566,36.94958849923439,100.0,21.117758580404487,12.425413583583564,8482.327702816565,0,1
34,68.5293727709895,109.69894290965902,36.61132880750844,96.73551964026683,13.519463153097176,14.23439346398795,6824.274940440466,0,0
75,102.56082562200176,104.58412809568377,37.01993327607813,98.78641241514832,17.35410607049153,8.785099823509,4075.404257427533,3,1
53,102.23301936215239,139.38581837063833,37.46809697029759,93.29181831379846,9.862073695273471,13.98076991334141,13623.839890201543,1,0
85,76.26998577323097,152.5772141542078,36.507188531892474,97.19711115668319,10.899041305180443,13.928759071294783,5933.068517274078,1,0
82,89.65175733220383,127.76909076260296,37.7499467487679,91.0579980450927,20.578396650635,11.45324466939018,10228.409168683422,3,2
24,107.169496154182,118.73021357745652,37.55996411452196,93.96512937731691,25.260730395690537,10.921900510551142,6872.6066404911635,2,1
56,77.2365115303068,129.09890693756384,36.44052059187059,99.9626048560763,18.833967403767222,17.795317817336137,9629.379202537822,3,0
50,101.79879194538982,155.748459046677,36.64352030565494,92.89298661150049,20.05633361135309,12.043704934539328,5834.243425169685,3,0
52,70.97560445280236,128.3043134215719,35.768836823996125,94.58851817501106,16.291563830902177,14.389435324636743,8994.291824871118,1,0
70,78.480778894869,78.5152993853155,36.73046930150316,95.42899709140426,17.182339211294,11.532133906474048,8342.387408167355,3,1
67,90.80615893876316,141.9766197233957,37.64884630585919,99.4978709119755,12.789357610393832,14.792945725255358,6716.559749950686,4,1
22,91.88607592543022,129.91644860811007,37.49441453541557,96.58008475055345,21.1941477871338,9.22126074857155,9675.12835253413,2,2
22,77.69113275179463,153.46389098266442,37.517150690213505,97.10006198171077,16.402300907073908,12.526403530153141,2954.2237492838176,1,2
24,55.399052899774304,140.99776622730624,37.86076993913757,99.50881662390788,15.174642845558436,12.831075122871377,6487.822438428407,0,2
29,72.66002013000951,166.45230232641433,36.920694150472855,97.41322901277633,9.62833621535107,13.701975919724312,10753.62148998566,0,1
87,50.26746640121961,188.22804985709777,37.97220407358967,95.67919608931045,19.218267814019786,10.419413206302533,7757.417849231698,4,1
62,82.68214805532497,137.37505751455402,36.44997365688353,99.14379171755172,11.526114419742942,10.086941980926882,6607.584117153277,2,2
84,103.85648593422127,135.60858373957294,37.040699039232344,99.19405210163771,19.13818523960403,12.613902084476656,9177.858786393397,0,1
32,95.24467380202466,144.20952356997108,37.0223449634724,93.5609573242889,12.269670143828517,12.667607402823768,4854.902589829578,3,2
23,86.2880619629275,107.32150531553609,39.433204882287384,95.06999688569095,17.688862810925976,14.507267103384303,10273.709420342797,2,2
51,77.88608333402422,138.7921712222529,36.31991042830954,96.10419028354862,16.703215850214388,13.753461957514345,6508.865590250854,1,2
50,66.67572136197514,102.39376834732701,35.82866742477668,97.42556250803652,21.713466455542985,13.054245019666586,7066.79807155159,3,1
63,88.70815285834746,134.743106447859,35.532814936128055,96.48161566305791,32.93365287244602,13.852810315592773,8171.767203595196,0,0
67,78.78083115009571,97.7277155000424,37.13453718920715,90.98137977426298,17.98125246072531,14.218588790376923,12033.822730280768,0,2
80,90.4489314789722,160.04644476882046,37.82302309960955,91.7303169500729,10.05446093983904,13.144594055613934,8371.703578779725,3,1
46,64.86915589182868,136.22444502149094,37.69874552462491,99.31893775990225,20.35562706796538,10.874594130301702,12249.870506127165,2,0
56,75.58896924145239,150.9021253869059,37.500689607488496,100.0,16.733167014976747,11.915374242128197,12041.342008190542,3,1
37,99.00851466946615,106.12532667357587,36.32560683243562,94.90721771138014,14.118203463131739,15.400219025946233,9229.150809833534,4,1
26,98.75185890324019,145.56400482927225,35.957148202997786,95.72816533577155,19.052686226815183,10.222136685687286,7477.350987492641,2,0
90,79.34345519507218,133.2290409423642,38.12753308455749,90.92977388163763,15.211495389586437,12.65652040450783,8253.041699056881,0,1
82,52.13611273842358,116.52862461666592,36.522068810527415,96.91214037342924,19.60677039693759,12.78513039104658,3038.1898795010675,2,1
66,135.22009559357807,97.61625517470114,36.75232806752652,92.0023365494776,19.895184171433534,15.01676853525919,4805.7930875302445,3,2
47,74.1680008435878,146.87108044488514,37.54508232038797,97.09126394723373,21.25198966334327,11.826186255156244,12931.161556692346,0,1
75,88.57607522658303,161.02869597038006,36.217953393629585,94.75596756639278,12.932296161225175,10.568696410235377,7564.40627336415,1,0
62,75.22543249581588,97.16610284422835,35.77221504548016,98.33260135613565,24.464157904910465,14.152829313594243,5595.022516230916,3,0
24,84.79677645892356,149.57110114165573,37.994849240995265,98.69213779172895,15.92143056890671,17.158447448708195,9596.933144714389,1,1
67,45.0,154.39078663580406,36.927347185759245,93.9325270170009,13.547280967957954,15.351280337068456,7954.2306506118675,0,1
33,111.91621909851148,122.75134995446334,36.63375254663884,93.69592348095112,16.86582344396777,16.265736247172157,8618.776685969193,0,0
38,66.34208209646889,127.15510941595731,37.24511353188146,94.98823787409198,13.56163899951786,13.613797048642448,8296.911395081981,2,1
74,121.96611689348572,94.91175864244661,38.10851723161215,93.42436078979917,16.86503504705536,7.811947398264528,8806.831647978715,3,0
26,97.96998158902925,115.54542657155022,36.851949513944945,93.46794062672365,19.569548322757658,10.777302536697684,7684.68049767219,0,2
37,93.0564383737764,109.10700302591466,37.12547044905385,97.02508014233725,20.444134306506193,11.814829926618467,8331.699628295233,0,0
85,97.36488101159111,111.20949968519089,37.84616771217593,95.91641306534514,20.969911760750602,11.013012469166847,9821.19530654522,0,0
22,94.3141709936239,109.055647938912,36.002329410837405,91.81337764948091,24.58408140421931,12.286210360377417,4706.621426357575,3,2
27,50.76946322186055,102.06928974781994,36.999275417767876,90.99116651443637,19.71894335944614,9.113953973969025,4846.346502282433,1,1
36,86.73073281032661,142.21284420667706,37.483458322379214,100.0,19.923273861506964,18.314409235002977,8929.47636809135,1,0
26,66.73427044355462,134.43254491169503,35.47618345811962,92.06554370022852,25.121123709399303,16.33901761554565,9280.688791446724,3,0
44,97.45567806215136,137.95766791677028,36.479390413350515,95.88723147758881,15.579516051910257,14.996517776836907,7965.220407787775,3,0
72,77.70989828833372,108.74666958792051,36.48845068751023,93.7551003832604,19.863011104186395,14.455880854108315,9352.766739319924,3,2
66,72.20456228127102,134.244070221276,38.39037848606332,100.0,12.331508447088332,9.785160028016154,9112.361043256002,2,2
22,101.76773341475362,108.95089635547735,36.743950887022514,94.73891551015832,20.572527573116318,16.107999086457475,5345.226560158234,1,0
23,94.60645695673674,134.22695839740237,36.032530020231015,91.00617721426525,17.673604872439018,12.749495968645675,9147.732236732154,2,0
90,88.38567769666376,144.03804503821507,36.27107453601522,100.0,17.90076849476556,9.523237802183399,7602.166231550924,0,2
18,92.65040452361653,95.53411392780063,37.41313327547652,92.00789592928116,22.84615007334903,10.466861200940569,1804.0046158637388,3,2
64,80.17714990816857,127.67910658810854,36.35432461824244,95.67354112620478,20.038328244356887,14.910099365926119,9270.295109782306,1,2
27,63.563836224835825,139.60022413759305,37.676731540055776,90.0707102274478,21.224454154301434,11.281604381041227,7492.210281198176,3,1
39,58.22100961107898,128.82570172361892,38.095821569714815,93.21894862731651,24.480732981034848,10.253471752283073,10841.1660446977,3,2
85,87.27735151189006,117.78922347457818,36.919965709981525,97.57091746605631,24.079547649444343,12.5628290074633,7901.8484256013535,2,2
29,61.51378082401678,134.96582298916493,36.823362270356064,93.47764835407372,21.054378125922582,13.875984208950154,6648.792830223396,1,1
26,102.08626709442551,156.2642508522193,36.46492219227416,97.0471532217392,17.898021985966597,15.654472873096255,7500.8134680354615,3,1
55,47.44383846144598,185.6100440730522,36.749490028974954,99.1551566645526,20.10190976229953,13.495546844491507,3797.760533610504,3,0
30,70.64363861887877,122.17511516685164,36.66113759215999,95.78961158246734,33.09822719162921,12.831405721786311,8548.267880971598,4,0
62,90.51470521259948,104.41524089621495,36.56711433961081,94.66645940217329,15.334561776584318,9.608857050058347,6432.305566790194,2,1
22,85.1569683069504,128.71386262572094,35.932502052770126,98.59895996275016,8.0,13.659578880302762,9050.376348551092,3,1
43,85.71036163076423,129.15815638493706,37.17212037266664,97.77894488044613,24.690613116342536,11.938304397277252,7458.06563822892,0,1
83,66.79623818022591,161.17476329978504,36.64649346674473,97.1472658021821,19.588299698136293,10.495032840411664,12312.2769730519,4,1
45,81.46528248272428,102.05865424719107,36.976649856065535,96.64536448142098,21.622230266067184,14.49700736787954,9233.25071316084,4,2
82,45.0,118.68187513711271,36.96356046765861,93.04406827069978,19.468916793172504,14.692041819319105,8253.8046031738,0,2
54,99.48456412851627,151.47921750150016,37.161558764096924,96.68804500840814,15.369215493555199,9.805804403112722,4198.231285013817,3,0
78,96.45073006245639,151.3054163802091,36.742927551304724,99.27446445371035,22.363888477585185,12.546889869060323,7319.039286138531,0,0
48,67.46068682543954,163.22828416430528,37.54279324037293,94.44964113713904,26.544662849600098,12.482471160398031,6374.904237692961,3,0
43,71.16184653012142,99.43089905628533,37.34487691048059,93.84414241894969,32.389892608350564,10.944083964773402,10822.590354797521,3,1
26,65.097338504871,133.2119327348806,36.23779687166476,95.64983763141056,17.51708684627684,8.618693801901388,8406.837966890515,4,0
64,75.6453944976477,128.22905448289328,37.089774108457064,98.64212049276712,12.3306247668217,11.230030395495115,4728.729265557918,4,2
29,81.24379516552689,113.39588360151768,37.55153479771469,97.05562692783258,19.428280697573964,11.307029161288272,12509.639931633097,4,2
29,72.68507734218855,104.32218201865098,37.13870176364092,90.75969562744301,24.23520227088097,12.031964246788595,9550.623955054743,3,1
28,72.24386821411848,123.4480299512537,38.642276821371254,95.62167188690431,21.30255852041147,12.366592292703624,4182.047437332289,0,2
85,79.59054585535387,136.36212914408645,35.25745698690561,97.93419104139706,19.47730326851904,10.751540334510285,8531.463701225748,0,1
24,87.6486284191866,167.85265374409516,36.51152222291117,96.53430609010206,17.590186146257956,11.929364753827828,8017.515991959232,2,1
44,100.6286971953451,127.13648991929561,35.868105981496505,98.57693043884542,13.215197134678228,11.71118577598751,10211.435624552554,0,1
86,102.21075026619587,143.80943918523616,37.555344790494914,96.77386314772018,27.941766214572773,15.249318091872855,8359.859322539127,1,0
77,84.41623547131104,141.7219263564083,36.17600370417513,96.53211286756955,26.2373858836256,12.341994795611763,6696.353211338543,3,2
70,97.58345107655501,109.01831288853879,37.50512493222737,98.91549436702188,17.403029850915367,15.259732339685584,5243.922414372828,2,2
62,77.42824682464392,109.72087331655274,36.30129249724328,97.83601986355217,16.84497276792896,9.380066348356069,6945.838024584085,3,0
77,57.82081249196141,114.57276488451625,36.979927961529434,96.73214682146536,18.383067872795714,11.612125267970557,7552.902936606772,2,1
66,100.2817517813622,136.56306404174165,35.96688163658592,96.43806125988573,8.0,11.635765535138253,9226.613016552434,0,0
49,68.09140467217024,172.65802507667388,34.86943987636361,92.59709210753846,9.91589683080183,9.87453172293959,9009.618984395314,0,0
44,75.10787751504357,116.0409204384731,37.59923573170077,96.84605439298095,8.0,10.883762328921275,9501.097354606074,3,1
58,75.12955923486624,125.85421094546678,37.79522964274692,99.05439168451304,19.47064369995069,9.724255825186574,4802.589106315563,0,0
58,73.55866493219219,152.96989925554197,37.69086969490869,98.57905268347778,21.927939744787906,10.754672782800913,11851.752884275207,2,2
62,68.14618601896935,100.0648257245396,36.09366424937864,95.22293691795768,20.053244116571097,13.820225563233318,8407.389656199824,4,2
74,78.21355778101388,102.76780799215678,34.72233690714905,93.76555705797153,8.0,14.952286964184456,9597.410072127208,1,0
44,88.28761569895185,120.8422453981492,37.134524625607376,99.4320434979599,13.767789921503947,12.793790064592882,6165.556259519535,2,0
30,85.45346238101445,113.69422916427744,37.071879037871525,92.71568409882167,20.410199802620028,13.531537670202992,6526.5135678966,4,2
82,78.75167349345082,127.73222892236768,35.84703644685685,96.45960725619031,22.199404247156053,11.991966731603483,8931.32514212982,2,2
76,75.7317020178245,130.89720671160305,35.699020430548295,96.07611444350495,11.115705428096799,9.692964943904704,9602.324417169937,1,0
89,81.05402791520594,108.50643168265918,37.220905968644665,96.77280720486432,24.36290258557783,12.090027623440033,4382.788531287955,3,0
45,85.14973058791159,137.8261561419614,35.77657439486008,97.21719018261108,25.62276831923109,12.447826524893706,9453.195845311015,4,1
78,90.73548287140733,136.77813144188696,37.73191584030501,91.72512087211426,13.468384956258362,11.94834005079091,4176.229331123617,1,1
58,79.58573807334622,145.15405276262157,37.12652697684843,92.38628681709335,19.38891889205403,12.487134773205735,10926.089554398512,2,1
62,91.12278694909254,115.46993279268564,36.22241315146721,94.14682506767234,25.91334089869376,10.224924741854963,8723.702697422093,0,2
73,98.3692488574221,165.61478633897678,37.149181534254055,90.76153237287583,17.46689285288489,16.02213710811493,8865.413598948708,1,2
85,66.06354935659179,126.83324875461096,36.48586377318193,98.21822200134181,11.603070056130544,14.511522636634936,11249.491437863959,3,0
33,88.52394305473513,145.1262634949016,36.80908588038095,99.81339586274133,19.371855967033483,15.65061708492692,11063.258688761707,2,0
33,102.25484175784479,143.91889781934893,37.42621019463519,99.70174133997193,22.13629459061906,12.957515507297723,5672.317559420446,3,1
46,63.62378376959971,87.93934651191968,37.367309028982646,96.37002708638947,29.877201659680388,14.016500773003584,5691.041517688947,0,0
81,61.26539107725141,122.54714852013788,36.24702674813821,93.44651565900264,19.49530702692322,15.309551129145987,7432.856228193119,3,1
76,78.72424076304614,127.00193841988909,37.62789817618404,93.82754166514347,13.807475319800123,13.632040068042828,6927.720024952607,1,2
78,77.25540851893145,114.89621388387184,36.71680763454287,98.37779201160944,12.826170624282215,8.775517881979688,8573.69931884647,0,1
32,94.06481512992026,150.0134066441742,36.95526623474373,94.15413251505734,25.501986989878127,13.494134734793997,2748.0322812147515,0,0
88,90.83754383240056,116.31819655978254,36.57906660919109,91.8642736396582,26.301217320979564,12.516844722551449,7799.506784698632,0,2
71,89.0065669627522,110.2205426669689,36.13638962510526,93.61968684504404,22.44531971359152,12.429438192511753,5528.77149463788,2,2
35,75.19127246587108,107.32530259757554,37.81408419659012,93.48982548570477,17.454063598350086,11.7892020056115,10813.576932165852,0,0
39,76.37510964857044,127.12717636652518,36.647284084084546,95.9873907797723,25.154997051145806,11.582796247746584,5865.063100934262,0,0
45,53.982422729138634,123.81821879763416,37.0582285514618,96.32629766267216,8.626759612137976,11.067798839261723,8589.433707591019,2,1
51,84.19007763270211,112.94907784855292,37.16968320987481,98.84608050905882,15.931760802831683,12.562470404710773,7885.764631628119,1,0
26,101.29599067167158,112.65251332986112,36.09751396759023,91.77387796486681,19.146176778601692,13.712194055235429,8872.6142798128,4,0
84,66.47898571950111,137.11134931154072,37.592429786281684,99.30380462122048,18.334047031939622,14.937904358346092,8667.599273571954,3,1
29,68.34021584745688,100.59559620354918,37.205446422331015,99.17824978042933,18.45389484883029,13.610003911053129,4692.992872779251,4,1
60,99.24861016060972,108.04406157479832,36.3512919714967,97.93462691590281,12.67664302477517,15.573268172673773,12954.405593920786,0,0
65,95.66275046576165,154.53256165314104,37.73861024782105,99.77144835703535,19.766429446108138,11.38219934414167,10991.636152364912,0,1
54,71.84085825689134,106.145016577152,36.76292519262714,93.51366972806642,12.434104515826117,12.893159592397348,6778.686662661919,3,1
45,101.34309894528323,108.23150447101851,37.97561296356672,96.11143770834693,8.0,10.811147381270642,3970.6127137938915,3,1
70,88.85639212610674,142.81221505430142,38.250383011414925,92.37257750447655,12.741667635388744,13.36140839491196,7581.924484217748,4,2
28,87.17896935447592,133.0573959828802,35.98507122006604,90.04428237368505,18.83510806956278,10.513643101148936,5611.948500027405,0,2
61,134.87215630858145,156.52819933061272,36.39940490551695,93.74729645122035,24.501755028991514,9.413992057636921,7604.909020598336,4,1
51,60.95634298476805,106.99783278821062,36.829618254667196,93.10157626244667,26.606148564134024,12.283419995501426,10879.758831322011,2,2
62,68.38514158929414,105.93393397450954,38.40475829556815,95.13691560191924,23.787135392992255,12.117075685132642,7023.465379099213,4,2
38,93.954364142434,131.61419448752287,36.42565214956748,98.31898081333259,14.707592119378457,15.060392239455997,9024.322521599197,1,0
45,101.41502886738685,110.67820403529898,36.74594494678859,97.15516079598792,14.811849211462778,13.455431178359197,8459.690143283022,2,1
61,92.21405649805206,131.3318427039446,36.050356906130354,93.07811148564775,11.792235751296282,13.3893205598753,9067.99880640444,3,0
76,90.31619508040383,148.13547211812013,36.93284302619419,96.13417518411396,18.316100799523362,14.409140225849544,9862.193893594687,1,2
37,88.40425931595931,96.57113497446359,36.09647396066213,92.72095799233288,20.583391220759374,13.148731890572911,4104.041811440493,3,1
88,113.5078137370846,77.34578957094743,37.44638197501821,93.79746176972468,26.764093391287503,11.794768534992517,9974.814484328825,4,0
19,90.73631837730103,119.79060574009446,37.2158440576049,96.10835451590404,16.695439243031466,14.75206458183569,4213.4608674066785,4,2
20,60.85205773726838,138.30835970567367,35.817052756435785,95.16300354067529,17.62926346444475,13.3089239063095,4187.703780428759,0,2
73,88.44701937024948,117.43271018472917,37.23537020472164,95.9795435692621,22.44535032430401,10.31864091561213,8519.279516714154,3,1
42,77.83839482015287,130.69751911255216,37.050241239350036,99.72771826547626,18.368390611651225,9.233809371219134,7560.795691664339,2,1
47,89.43618621549004,137.09184381487051,35.68590931141331,98.71000005735476,20.029693354000347,13.957817775910382,3390.606181162302,3,1
20,90.54810178117158,127.5696384205102,36.88774215439101,97.64733899754839,13.697384724706806,11.758994253347383,5971.895804705085,3,1
63,75.81837444101573,125.14857488041241,36.84205095565346,89.06472077863243,16.06525692619672,13.071846593987699,4501.521715413134,4,2
76,109.15951840653318,103.78887418077866,38.40424439457114,100.0,17.044103533382042,12.321405245015715,11864.20155946975,1,0
33,94.59422744756503,81.38250844506487,36.97012189140021,98.30678597792377,19.03668404899297,10.671972243425907,5976.786442157865,4,0
28,115.01961710268473,96.79650597831068,37.280129009994056,99.96132585612648,19.75674462392195,12.905687726308958,5591.169966102079,3,0
82,93.1322809639974,101.32713223575432,36.55580407816133,95.24730221454986,30.383912069110977,14.322161204548571,4664.78295698084,3,1
75,79.193225772173,122.15787923108155,37.16570808976686,95.7792633134407,15.859535954824597,12.311325883379505,7785.528867212706,0,0
84,77.51585723671913,128.57681109825472,36.94853222968572,97.19972950950248,10.912260701541028,10.817641886275995,5810.121586034783,4,1
68,97.96629808401856,160.96260034130404,37.38234200480571,93.71625540963585,21.646047884685355,11.885380521417725,14299.371607043451,0,0
40,80.40202966949464,101.89911588756412,35.48143016340869,96.23458927889432,21.33116106701293,13.399308986516301,9000.718696622253,4,2
78,93.40938354970129,157.0075583918183,37.542422575255046,100.0,13.464545885232102,11.989498493673358,8707.936158559227,4,1
85,103.47784251469868,133.3913206424431,36.94796227851976,96.41557373957833,15.654438258789057,12.435848897623606,4876.716135812028,4,0
71,89.32637767004299,106.8068894655302,37.46972651122099,93.19297656107426,12.262013447193851,11.140279855826345,13214.5718313338,3,2
88,65.58658986615117,101.2202270662462,38.30582751066886,92.55332618159969,17.27898072970482,14.130351616378952,4863.4750240009025,0,1
79,81.4338388413745,138.22291524832207,37.89660750539258,96.86086451093252,27.67169190117957,10.84595076746877,6150.935934782494,4,2
47,71.95460045154132,115.70914927616887,37.00925489454685,95.07312305024219,13.36100171348918,13.92262057114857,6734.261557597326,1,1
58,100.97609678324963,97.1283838188156,35.31278428944455,100.0,22.94273469698578,10.579217325678371,4349.111155198261,1,1
47,87.46948148706997,140.03990653721453,37.16526609373761,92.78992487499555,21.323148855389498,12.239729924196084,9314.306594669415,4,0
33,102.30768411308507,105.70621019920499,37.527765084232904,95.60654223058928,13.379525447682369,11.338969902240445,9336.578847803892,4,0
37,96.41129029155583,116.41844137850555,37.09031924208884,96.51960424111047,12.4937507018746,12.916028757061225,5028.5817130861815,1,2
39,96.28090827661273,106.74590573819586,37.92720691989487,95.21578392862256,23.035676859822352,9.422649284489163,8566.632343638052,2,1
37,96.37817140530903,98.29326054985546,36.09651009866243,100.0,21.560343536768556,11.659376648275767,10380.366930887652,1,2
65,57.23321283626152,139.541873623493,36.147838257657824,98.22548301103718,13.493074252448963,12.276299482898459,6202.948524141086,3,2
21,67.78561130503485,194.47765992547937,36.53876306314271,96.53877018669661,8.140293617857468,12.531652704073554,5116.263628040624,3,0
28,84.64779688870163,121.11177635060076,36.3742250714891,93.73385636257339,15.867439297060177,8.120667907045727,11916.765709942116,4,1
54,69.46693290016034,129.39132751055436,37.23887472407474,90.11828979639894,21.642926773130075,13.739503233014302,6581.025161912061,4,1
59,63.909667902052114,129.59936090884196,36.349018424486275,95.9637607555916,15.576069251986839,14.461102789361915,6471.558342643268,1,0
36,83.93590187492916,170.65807192866572,37.53075000014391,91.92125010960619,19.663723524059296,13.084224925468423,5018.853003609698,1,0
27,81.34184673258959,104.20579782940362,36.157194973959975,99.30749396003279,21.2188320003958,10.18099451559102,10239.571925613542,3,1
43,115.61714288650157,125.27507062337189,36.77056218130451,97.91477141912337,20.485570050611784,12.671033659831153,6978.085336608712,3,1
78,56.13320736927599,86.87852514967837,35.91896554432769,96.57024752283377,22.635164570664923,10.632779954548067,10831.288166707727,1,0
50,72.11632838343931,121.81908786093895,35.95285280813307,98.74029486135782,13.21168109074165,14.51667302827956,8979.164449671474,3,2
29,65.59994808199295,125.75972562676573,35.73039007644304,92.04006662333927,21.663326801034366,10.12136451944101,9316.641976837558,0,1
52,89.07256580931421,143.56477186162948,35.85791118972667,99.68690683416182,16.970868870789484,14.29168668475855,8979.61857307233,4,0
89,75.67417635057997,114.59635035643763,37.147460574137234,96.18267454644642,19.78116327278384,14.590074331429664,5188.025582522136,2,2
38,112.7418567031885,113.21249892549261,36.05511116334939,100.0,13.077608161805122,11.401247422440822,5444.728681910738,0,2
63,70.01510071763862,112.38032230909408,37.99577561265569,93.50688826925723,8.0,10.866538001344528,12050.855822588888,3,1
82,88.32794109212249,144.30855550089672,36.47682497825661,92.28478411703917,19.05841332909646,9.847124010730305,10281.356775470667,0,2
57,85.86549786597195,101.46956195629339,38.126642211814584,90.74275952256086,15.808446708881965,11.421777477960376,9454.962936968484,2,2
43,113.7738465235567,138.1693903097667,37.21214510180255,93.98334241606483,12.415556788546493,12.275819472493023,7951.8742810513,4,0
47,84.58475413701412,165.9803206785514,37.19325311091319,97.10806610305762,17.089737940532604,12.707511800130302,4998.744773451481,3,0
65,85.47696212265177,157.70087748887676,36.7700550948935,97.04085209226083,19.79913678113954,14.831354433890535,6936.190417651374,4,0
33,113.15713375157038,92.89648844079127,36.968855041461765,99.16980736033075,20.005327064233878,14.566607536686835,7028.396214607174,2,1
56,79.46481095927557,89.42106814462642,35.93830188195187,92.79382371010152,21.445950565083397,11.308424749719398,6736.728572864802,0,2
60,86.92226314096139,103.27391671535278,36.674106507797894,96.11112425857365,11.23382733642136,13.570262599461248,9084.697608552176,3,0
46,85.21449929062098,152.64714679450628,36.916178578253074,93.56934951525919,15.620009841607754,10.86117348297141,11791.212266717435,0,0
20,103.81948152858642,95.4300647793086,37.176205217013205,97.75761984255155,13.68849214092768,14.247373483538649,11083.542777909144,0,1
38,95.7254487345837,155.11456049494177,36.49080048639458,97.1287881458264,20.928828975370436,15.955331491972911,8056.874752821533,1,1
30,62.48816875766499,145.06508000558193,37.628137898666296,100.0,20.417366361954148,15.917482093503047,10070.622822302226,3,1
83,74.6114507497826,116.16587752054896,36.9106757723956,97.57213297229463,10.013957383228291,11.01244464972352,6838.41939301905,2,0
49,90.68306899904708,152.79991067023175,36.448810142933056,91.64521680900411,22.59113911506003,11.844202425225848,9143.581308029361,3,0
68,92.75976657083723,175.69998789506303,39.10311336415061,93.85230928229406,19.48800481450405,13.090038632647623,9152.670189520479,1,0
89,86.84846540646969,165.49220390832596,36.32461483700461,94.08403437198842,16.64926911706365,14.280245754379372,10087.358016382419,1,2
72,96.95813806012018,123.9333712677793,37.000076316727586,96.58840169169409,14.128986692270502,14.653289346319406,10785.344144981133,1,2
75,102.00545944016613,118.16179205137298,37.51962405961428,95.34503484922703,21.838056867476638,13.97271682541219,6683.083060536521,2,0
62,95.22437416116546,132.45971680089178,36.14044982518152,98.69661208349008,18.32289812584863,10.879290546161318,8775.804386537136,1,2
19,88.42199954648407,129.91756337940154,36.58649960145678,89.73031296093289,10.324064974422903,12.700880107544013,5993.5666229366325,1,2
58,68.6889633120098,149.44001622463998,36.483578376094314,100.0,15.017481276734284,12.361798440093269,6464.29695104542,2,1
80,107.29189525265326,160.43941075026925,37.10958044324135,98.91262850303471,15.437204300045462,11.715765953556916,11235.616896900287,4,0
52,45.0,163.04185955187805,37.57040095047842,87.0811966149607,18.694094211089624,12.745517337201633,6934.97639558685,3,0
49,90.06352224658924,163.32720772072133,35.78906171551445,93.88830348344489,19.50138659115746,12.509320359269976,7956.7207797942765,3,1
72,88.31653035260626,118.22158044046353,38.01600474429225,97.42612711160389,17.687255612203185,13.50795956016207,5757.020267222781,2,0
21,97.07843942789448,128.21441191193125,37.72601281862598,95.94836059169349,18.752919533106265,12.937856318492088,8262.096957490057,2,2
82,89.99344345707485,125.34095679278252,37.61670602266951,96.44653866007496,14.934699060829436,14.769568910261297,6818.058824695853,3,0
62,92.95529607872253,114.77580908828743,38.00169185731042,94.20051817189325,16.337681735679393,12.705000927596855,7051.023526287732,0,0
30,93.50955610675138,153.47179197246749,36.65961270716373,95.72115009775236,21.318417666195316,16.149581414166004,4605.165675371411,2,2
24,69.01922060015951,98.98810698592257,36.19613890532227,95.30382863652294,19.442157207506824,11.877397217511698,9318.289329870533,1,2
41,91.84353694341647,134.18527107483789,36.0118351212609,96.72273128146531,21.470746079598374,12.541174400505845,5708.074696185331,0,1
74,90.53390395263344,127.58932996475262,38.623830423600864,96.57720479107748,22.81941734514937,8.494497210777407,7641.8691027998275,2,1
30,82.33594785749804,90.43225956228294,37.03546670808379,96.06043388877298,23.24720383381842,12.308866546109899,7685.816076512834,4,0
43,48.917756886860275,134.82358767054006,39.467703296017405,94.97508009984737,28.22737696764335,12.058880495051092,8996.654056256923,1,1
59,103.51132429010678,128.75559552190666,38.460273594929085,96.21287821073696,15.451906285103622,10.565385834858933,6660.213565697004,2,0
77,87.80384062036998,114.99003435083189,36.52259849414056,94.30980836065984,11.88263924928907,10.188972355432133,6978.401385000893,3,0
24,92.30009106148422,105.88513282028124,36.73347428348024,95.84607615558399,13.225511080935032,11.037803777709629,3083.0240290527927,4,1
23,122.17515733512818,150.36391445888535,36.517358698973084,93.41196152676956,22.284192673874095,13.690777681027622,11077.67398293933,2,1
63,96.83947872694472,123.09672905905697,36.9258332468572,94.95634658873422,22.490380315617603,12.104577990677784,8359.077207093618,0,0
77,90.95694056240697,130.12725424051203,36.79402577813543,99.7221858733967,17.37821857394342,14.810136706625304,7919.143721968211,2,1
72,77.50910349966239,147.17244724074072,34.79436845897165,97.9435866941199,22.284825279196653,14.606967252844806,10951.087027534208,2,2
42,87.02556926703878,151.234115840504,37.537958145753066,98.58149747550182,19.581692249766174,13.626291182999964,9711.698385676049,1,2
79,78.58271475218507,114.79674999476534,38.15555109996372,96.62455972609621,18.547535429736683,11.774755268573468,9450.520133087335,3,2
47,88.20747374633359,118.8820916299658,36.85006614328514,95.36926485798156,15.90025369818282,10.47309043496214,10631.385186277212,4,0
90,86.8705520797053,123.43230688792887,36.80479809987675,92.74713108569813,18.32478768926424,11.378674424605082,11893.437923534899,0,2
86,69.61851689885863,131.43521265139682,36.30133641191926,93.09085436031313,15.780561954610057,11.214566178296336,10980.912426194223,4,2
35,89.7535546879877,101.40139511181141,37.26668841430228,92.91264275614154,12.778901119928266,13.255726412104844,9299.375407969432,1,1
50,65.54766895737998,116.756167514186,35.96615457307122,94.44045135048727,24.28877742173354,16.93738792826458,7472.762518149242,0,1
84,83.74863573816513,138.99647800228527,38.57013230778872,96.21583387426479,20.807828184900814,11.600200967445826,9085.103982931745,3,2
68,84.8166869440429,87.37779750752279,37.62454702661171,94.19133110838041,9.470896448451057,7.472579655150826,12155.46313312,1,1
26,91.54641738145999,118.89951361574984,38.23147658142752,96.84848129164648,24.877527026522248,16.475997272905733,2246.7994979769355,3,1
21,56.08439051701606,135.3367768401691,37.80679935392187,95.12663056168697,18.059631271925056,11.319610247351292,9945.665732329104,3,1
41,91.28944912017924,78.43425370003814,37.34152149383717,93.94682347788742,20.869811644767292,13.456959316397523,6184.9983164522655,4,2
56,106.660124005641,115.84264862408216,35.67106825602812,94.65570091479081,17.014489434480872,13.560516898544066,7857.272423875223,3,2
80,88.6771766190974,98.46974177599847,36.8721863390375,92.89764536677687,18.171979487653125,13.892229195355046,6321.881103554518,0,2
78,79.84789297383298,141.27115173266026,36.33178584741554,93.7125697025941,24.349596272083758,15.618600296432678,11098.818052072353,4,1
56,87.86694644503494,122.57172937210878,37.051248851903345,94.82357344632003,20.37504047468378,11.035887800833551,3176.2071237000964,1,2
58,103.67375403481125,112.92466080142293,35.84657470440055,98.60914138207963,16.838592705931436,8.71492575734062,7823.49787915095,2,1
54,90.21265877246061,109.73410155755857,39.46068562991122,97.44189265403539,14.536447316480245,14.609461368334818,6750.301884017532,1,0
30,102.49195188942787,116.2115424855397,37.25011331410946,99.93833877221851,16.342217324498513,12.377360426473473,5184.203051399402,1,2
20,98.01584614274731,113.84237158540846,37.40220937242157,89.57794353308483,15.082070990952296,14.434371823154109,8459.805232779701,0,2
57,88.16107313492998,140.9169529698396,37.201723677166264,96.65194377526835,10.111639303188229,9.527178867956192,9818.090066360093,2,0
26,74.1759688714497,84.82740090936633,36.064753391220776,93.80085182653114,28.158677951703666,14.350186056516375,7810.899567139995,1,2
90,74.66620864018401,119.64944154357816,37.21360835473454,94.66892986819438,25.955545696439188,11.624072499847042,7136.474980141438,2,0
48,108.52604167024869,157.03519355410296,36.181710525872084,97.40905410457457,11.112891177277069,13.24798337531221,8334.357605684949,4,0
88,84.20628758329768,115.09263987957112,35.94912446342099,95.54820089547336,19.99653553438444,11.554487793843691,9816.854445115834,1,2
42,69.74268184614117,123.71903389021273,38.00516923601155,96.79357457902199,17.34990858858084,12.022727550850531,12328.196327855221,3,0
20,74.75028867382481,141.97544335263143,37.070357239685144,95.94151447356394,13.499579972697475,12.845970694009694,10481.462285465204,0,2
67,72.75342312349548,125.43311353924389,37.57822636358766,95.20598548992803,20.61569431700542,15.41561206518191,6130.341919606492,1,0
42,85.87556209932883,129.27456065576038,37.045363660323986,96.43795445136638,26.23321432379282,8.784219121514502,8961.03176960498,2,0
18,109.37312767313439,79.47139544070555,36.946719269973514,90.89830421026865,20.151990346565494,14.106015604840946,5671.1525737063985,2,0
20,67.60108664445471,97.699535827193,36.379865639470594,96.26020238005644,9.387838276543985,11.399916832735848,5163.092533938629,1,2
71,59.59652815315865,129.59786735326244,36.100357101639794,95.74753734602585,15.96402920349152,9.155222130117261,9130.245652380809,2,1
58,87.74947289697914,141.5115071932311,36.83216982420592,96.92169852976895,14.35274946756601,13.496723245344498,5170.01075588029,2,0
29,101.85019124348226,129.39574069362615,35.44327209053351,99.41147759105195,13.789364659325228,14.313069507466505,11443.956349077484,4,1
61,76.6280744053023,171.3634594567465,36.94829397654091,96.13293337483661,27.644013706819386,13.093764539163491,5332.78432967534,0,1
29,99.61638130018257,152.5881880157146,36.70763177621772,94.08781569918901,17.85297548317659,10.249923057001086,6534.198258157534,2,1
77,89.9077140168726,78.7426512999414,37.405325560780774,97.65619344465398,22.965140379639394,11.936401923406104,9255.980047063567,3,2
78,101.32571125306714,96.73629067849377,36.601866804221,95.23273737944045,12.14656200150603,11.45775504113109,10155.72783493783,4,0
53,82.59846372771288,97.15747640723217,37.49974737820473,95.88621361617855,14.317658806476235,15.363451856418134,7040.645786822676,4,0
76,97.06954088882603,120.8730034327476,35.91096093500505,100.0,13.733339990629961,12.639106821316156,11895.886609971512,4,0
33,69.88103352758985,99.97292414481798,38.73477374872885,100.0,15.534511501131774,14.269097514120833,6033.949689579447,1,1
62,65.43825893324599,110.6660217592428,38.431792934803866,97.51954468665087,16.950051441455464,13.032923065004134,10399.122944874349,0,2
90,48.603008188766715,128.4598914421538,37.41133337011621,97.04166060688269,20.189465154872877,9.89365185646953,6408.796027246443,2,2
23,52.9912290401502,188.93623522300337,36.025756371740805,97.66827477621105,13.434448320656916,11.793037651642301,7967.4195499432,3,1
64,78.49706913412858,92.73292083355769,35.97938701610849,99.20679600862304,8.902910365878421,15.787438462952002,10654.796928770742,0,2
90,97.67698714767151,116.31187426976454,36.52776873003059,98.09299146388932,14.150229448365792,10.487890316862194,8823.008084827678,3,0
78,57.73760580509172,123.37791991912316,37.044709977426635,88.73491406714356,13.051417787504437,12.6949438463586,8724.957146838333,2,1
35,97.83797125893535,114.78607773089932,37.753193133393275,97.41705567912638,13.52455394326988,15.199471007393123,12922.022575664954,1,0
42,90.51013333072197,128.05462356487863,37.87323412998859,90.42964460736741,24.27677427119555,10.79635115536422,8495.12551614666,4,0
67,66.004145503204,120.1992185944458,37.44525459935464,93.66210971260462,18.545569711879214,12.4469466768759,6856.4242347119125,1,0
63,116.70611447652104,106.66666895403002,35.11660305696729,98.17016888627876,23.8340910507376,10.955349385250438,10118.97676131711,1,1
87,74.6258505742167,123.76140198985631,37.17335990966666,99.13493250495476,12.423281909440657,10.087122159529342,7677.844431202326,0,0
60,87.4447212897317,106.41845465858202,37.19168588132095,95.59961073293212,23.842861496020923,11.82965008103869,9518.444899718494,1,1
52,72.9775788353948,157.09535945351956,36.80424939193621,95.52113356345552,9.556713958719717,11.552428389578935,8401.069335101874,1,1
53,122.16252257839874,135.8538349642435,36.40925002603944,94.86362878089781,18.827472099915752,14.177219009253491,6054.231602918594,3,2
74,112.68065654053981,122.72948466688464,37.06779056998983,98.5511804488395,23.1724860990943,14.482869583827915,5629.367408620335,1,1
46,60.50379068695398,151.9100261101865,35.35281080742777,97.8554668259971,22.282657510859586,16.408195624916928,4259.515438750253,0,2
45,77.00196238933451,88.98610605187821,37.02081975407269,96.91878721919878,17.922126367267516,10.326231899175312,6995.160269551541,1,1
38,66.1743080728235,109.1104146500329,36.605057435270425,96.04492705698654,17.76135340557377,12.39168784801025,10963.126070415781,2,0
51,94.33220625111751,141.9542629438949,36.43807945979191,95.7361979089286,26.876002077176153,13.054304867474562,8808.515507494973,3,2
50,70.65641506277626,122.40934620456459,37.577754343668914,94.61758012499666,11.241186772471707,14.764577077776735,10580.810829415357,2,2
29,70.62639595113538,114.67006846233583,37.383088069360646,90.48858520440947,16.40585963241304,8.967331248246616,5752.213717214909,1,2
28,82.44063208735713,122.05398316574731,37.77824569313385,95.36944579857645,8.0,8.782937485641803,6792.6285982500085,3,0
32,87.4313238976789,115.79653970916979,37.83782429145063,94.186006248765,20.78847100838594,12.75064908407574,3598.55023620023,1,2
33,98.49829997624711,117.43554520760134,35.832878067491116,100.0,17.55330199343079,16.673177405525415,5566.04345104514,3,1
55,89.55735231245762,110.18287530914458,36.981876805577286,92.36575337804975,18.91364674121616,13.822901988782412,6038.330828681922,3,2
58,55.38254699721092,144.80693438612718,36.25586320834077,94.81458520118521,9.999572551069098,14.613617914960203,5672.838338883722,4,0
25,90.25233037243119,181.2521195540208,36.06456911705865,100.0,14.365126433388273,9.679553830602453,12018.534836886873,1,2
19,106.45394317676944,147.52565386259656,38.37017947392316,94.71807617111894,16.895823042643606,13.703407002774444,7579.262303203062,1,2
66,64.3001002047868,118.24897803422776,38.04002187301638,96.57513139419741,20.39038428518023,14.01050041062654,11513.51847137235,1,1
61,74.94417627016648,166.98817857556668,36.3473797646588,100.0,19.172488311665365,13.286292367339362,8142.816233664585,3,1
26,76.26153093418422,128.74483382532674,36.62245867464187,99.07349131504142,9.889900223099643,13.67384432166302,7636.657172135964,1,1
40,94.11698727226977,147.7071793026121,35.219934254176934,97.60287643435804,17.172315336300063,14.754220563421768,3054.4160016425467,0,1
80,82.22951627255401,127.13418193499092,36.080802835898126,98.55176784394001,18.930671689388774,11.696874879910188,5500.038813788273,2,0
44,117.99966959425541,144.74770106364,36.79886548638997,97.09271935405184,15.900632671576496,14.340965979907459,9025.56883069249,4,2
86,120.10620021954465,129.58780714139564,36.82026141281408,95.7744255141459,22.08484997249558,10.988404342838265,8644.025070208298,2,1
90,65.35327737769404,122.43796736174549,36.427141615374715,97.90140007469388,17.73582567890623,12.648752285171478,5088.618097175957,2,2
78,86.29438006610111,137.10167356054143,37.554029717190126,99.76336424776646,11.043833361715159,12.123534642771753,9260.41489849705,4,2
32,87.49180031093702,110.30405888760139,36.81289007905758,95.39404594450025,8.0,11.74703446649865,7138.893217506148,0,1
79,61.58697959573558,144.8423700864772,38.64992977229612,93.32850164253522,16.757489950603755,14.190785068631827,6227.382398614639,0,0
55,83.7199800792526,131.51258762939926,37.343623123561265,89.66908847311058,17.048095933046618,14.397784902451045,8461.481916346314,1,2
44,106.43240588289571,142.01366060978677,36.8396307247496,98.01408862836449,20.32662599752142,14.421684368124572,11406.052266476627,2,0
71,62.68651043697175,87.05905824778539,36.63600706737713,99.96587510962162,18.140394685423317,6.653541995641469,4873.543297687696,3,1
37,84.54919582409694,129.78453303987888,38.49905822963176,98.958658654246,15.264407835461789,13.720930879346286,11870.451483769028,4,1
41,84.02591037582921,122.52257057709537,36.862622967896,90.76670024938687,22.11960169903234,11.609398771745191,4777.177136545002,2,1
73,78.40854479583528,145.20107170372833,37.27293899725403,96.76950360936254,12.61167984362232,15.447928921043173,7436.594138477626,1,2
47,96.57780712629115,143.55172521405152,36.119634718053646,100.0,24.003092751923248,11.341535530966027,7002.809339538666,3,1
76,71.29685822506376,147.52552541404222,37.1057658594921,100.0,8.0,13.5096781529538,8809.11709559821,3,1
18,45.0,138.92592099159376,37.38728155557264,96.9489875689842,14.599920648673393,11.968275871958657,12238.934385528366,0,2
66,81.53950290628393,129.5137087953321,36.73301276620977,94.6678864329614,23.467487840496545,12.301744495038966,8769.435513265109,2,0
64,93.42038398905312,131.52982987857547,36.872831404636116,89.29690293030778,15.655133325407283,12.518386920219577,4778.977194140872,2,2
59,95.3472767677922,115.36205718571684,36.25501754987886,95.97364328623298,12.751059142484214,9.280873626608729,8803.501182355478,1,1
49,70.75364157396993,125.14754373710176,37.16083200896348,97.98094790950962,13.296478777885826,7.481556778698702,9165.947781356499,2,2
88,70.29162704272873,149.01168014503858,35.61412738071711,94.36593323185713,21.110064524096888,13.946333929378543,7924.218824869667,2,1
64,89.50376710234892,104.90637478523149,37.7017653582114,98.82726729597016,12.160767144146348,10.968931998593275,9905.139730951172,2,0
43,91.42501179477809,136.32541647942526,36.47880213133395,95.78013173269456,10.296901903756162,11.386030675614375,11518.327929002464,2,2
79,77.34326444147749,110.68230663709119,36.98525681152193,95.23033474720228,23.262326843202697,11.794525567290078,5536.742495541237,1,0
86,100.69838053713877,120.37881282105955,37.112115200631685,98.29871809168316,8.0,12.863816098595201,6810.768890029893,3,2
36,104.83409282010771,142.95821397970036,36.42564848335561,99.1020443925552,17.91538471726622,16.896327771882564,6682.742936497066,3,0
85,92.8651016448346,158.8073530597501,37.50133526355933,93.94907733117728,19.447952421339,15.23413561324425,9368.94044380545,0,2
72,92.0097844473967,165.36949771974105,37.82501613195846,99.57792957487867,19.330661520490587,13.3161014121483,9391.229561746079,2,2
73,103.90267911960228,107.14748984768487,36.30373934195006,97.01278652660125,23.280625063737663,11.421797263219839,14111.060832131243,4,0
50,83.52794116319836,149.18900540046917,39.28882945353277,96.54611381624957,17.10220775553168,13.315939109552414,6302.543751416269,0,0
75,45.0,124.7933852528549,37.86900201732562,93.36556718064251,18.242158568212744,12.69705338280193,8253.310422021015,1,0
28,95.11956873774807,125.38855522452893,36.41889667213312,97.83810129733527,22.92567727645138,12.041308002860985,4321.724186944553,2,0
58,84.60879938263345,107.03005405783736,36.398221896548336,100.0,19.462705626709347,10.432702969739605,3635.016069847311,4,2
65,77.30605099839727,123.10698813337106,38.694316506845716,99.28039855873196,11.818015898860082,12.500633616421654,6467.013585633191,3,1
89,70.80953368526121,109.0954495482688,37.47554488273391,97.32378198339634,13.703141557597165,13.561535722914744,8895.905487558293,2,1
39,104.03762996704239,102.75940436262965,37.949192076677015,91.45188923139833,10.381640946217455,14.502309358399952,11800.484286677669,0,1
73,54.883144542014456,125.47252007611789,38.17789883194591,92.73547143203886,22.198134924862813,12.934356016585129,5980.462939361966,3,1
62,90.21053918289668,115.61204503981699,36.5616847294564,90.63845591519191,15.681419424596692,12.275385409356982,5903.719163907046,4,2
65,65.24260421086308,136.86617731473385,36.47907174320889,91.37404361073605,12.28323719583076,14.345592224633384,12218.44756905666,3,0
82,92.48683475093092,125.25989008842373,36.32715012016605,91.29751780559326,14.137149277508435,13.640275131694,3295.060680446755,0,2
45,103.04306959687268,152.4336954275221,36.14702777207407,99.21445706070219,21.10834670142715,9.030939790708935,9620.50823649113,4,2
25,79.09736540058206,99.25858416680677,36.12624172264561,96.60724261526504,23.358607343007577,10.953152705734158,11344.66097135195,4,2
68,108.22279218006656,163.16805250873483,35.60836145633007,94.53652575758039,10.563070880986528,12.387992411561859,9045.689047982294,1,1
59,99.21117434798832,98.68503751359853,37.33166411049313,90.99558885531933,16.636888985456075,14.537321635186306,6634.452135582444,1,2
58,86.24489131096233,128.06544656995328,35.819832415260365,100.0,16.64921872207441,11.99396335998368,6434.402305911864,4,0
75,108.44227847493356,136.5873033854938,36.553873464016206,95.83003339907025,15.35606351713934,12.228030271242227,6739.214923019344,4,1
51,77.93118614508502,127.87793858540813,36.768551469994954,98.46478109123666,15.864995561291984,13.467453436024927,6558.786007938105,0,1
19,85.9175592323815,119.77641474112305,35.709030216126465,92.6695403181256,24.969058498030275,12.373875151264354,8719.11004812879,2,0
42,65.54317661042728,141.73677319671958,37.15839716506294,92.94871987658816,12.087049520171924,12.730655415733375,3773.736862528522,3,1
72,70.78014153169234,126.08334233917246,35.81153862528607,97.81194241751705,23.833209209930928,11.921623476271721,5214.121053802752,1,0
34,101.68035512940328,106.72461228765798,36.033349752518404,96.43680723277346,22.402855106036853,12.693136831101866,8562.907195208858,1,0
77,79.03929504200235,154.53886507527622,38.984356391894295,97.98734257206847,18.39053013239708,13.110979252565901,8683.887109741385,2,0
90,64.41468167782013,126.26598978619226,35.281026950189336,93.86637108119844,11.880342422335339,11.70117570385808,5790.926001138745,3,0
76,127.22627480047608,105.2871130861188,38.91745087485957,96.64333553788636,13.061446300303015,12.308092350356857,11076.83422307119,3,2
82,98.34429569350833,118.67120816755683,37.404018223565984,94.24375169519453,21.177436460910535,13.640847265800438,11933.71529991863,2,0
30,98.01717406715758,117.14155744426543,35.34817184676038,93.12260955188678,18.91157964855214,10.441521994021828,8465.514175302314,1,0
58,83.73776398573163,123.46944802767682,38.30058047443543,96.90322973499984,21.51711663877031,12.135683061295689,8632.20428536406,1,1
50,71.53101292239145,173.61013803056926,38.43033665148052,94.11908702128609,18.646882919912635,14.177998966784964,8547.693351753254,0,1
47,55.370146745086075,116.49290546199312,37.091359130929106,96.80977749884123,14.52122421743793,15.073924223705434,7882.867561803474,3,1
41,106.62693096995383,97.14281061543036,37.35114934828295,99.6109085645541,13.878893632269858,8.597687500068568,3349.4640683074103,1,0
26,61.05955548016482,102.5299259079449,35.74681073091919,93.69225909055305,20.532354736267997,16.070740248401272,9313.499372522783,2,0
33,98.09348455842117,122.87633524060024,37.01849922933701,99.6610596590035,25.501652427070038,11.516229253665756,7265.227424906153,0,2
73,94.46413946973084,144.18783519047923,37.757306139209156,98.28347131696863,17.17521258062127,16.608418601886093,7686.811012806722,4,1
75,54.91032039652269,120.38638697688016,36.22587917541374,89.85042127642582,18.255364873821414,12.577869597529144,10541.149815179195,2,1
79,100.20093732488952,125.5954751802957,37.49270394907088,95.3569935766566,24.22550800214663,11.660657233450381,9771.731426501812,1,2
25,78.13911368575921,129.87515310312216,38.92029095771328,100.0,14.434176274577997,11.481584468034493,9081.933937836558,4,0
84,72.59412672246978,129.44061013534215,38.02536578276817,99.82296222001682,12.99879005276989,12.394161428122144,7127.866198519629,2,0
31,51.674405225608005,126.64781326365046,36.73656444252467,98.63179544340144,27.61960593375477,10.490487362562964,7420.815371082856,3,1
38,106.99414513060535,136.09694983344332,37.410673920168826,97.12276091152496,20.800581307595138,14.444263887092719,3996.258231106172,3,2
41,91.06952468450295,178.36883517862847,38.00101267966737,88.81144483796021,9.678399803015532,10.830332544824863,11211.268059642875,1,0
66,82.29390072557338,142.79119717734704,37.909018807511224,93.2833221655545,10.958740322129717,12.08960056421973,6393.061625728533,4,2
40,63.887440149539245,150.0411403073074,36.16053482624426,100.0,17.05651287566338,16.273700561823315,9256.887878931639,1,2
72,77.20966105514889,125.64170945835833,37.47320067806217,99.97728082125072,15.973473008561218,11.643272685453974,6212.968222812178,3,0
37,82.59662957563033,82.90191690137775,37.682091403920346,95.69913902216365,16.30903680652118,9.052718168740618,9756.991860977796,4,2
51,106.72770430901834,118.50066296568562,36.04019208099242,95.59758222131612,18.264645111885127,15.973678724447717,10667.152840167299,4,2
23,101.33289766623552,84.22679731286802,36.95239144176465,98.97801849601572,18.316927336599544,10.261901245473739,7989.025301392419,2,0
50,66.29820840298488,127.58439003304704,36.56517153618695,94.46823298917182,17.958882048395836,9.537939649301011,6101.764626712358,3,1
33,68.08271589067766,110.12395578799939,36.79600188998599,85.95762805398564,23.75610567443057,9.368516268530957,8475.740443522993,2,2
41,78.29878562964178,129.76100002161544,38.0839619621303,93.22642468825202,17.629021058557353,10.082076955091914,8991.845474703783,3,1
82,100.94525466395295,122.35260759084537,37.4089841707902,91.28699913519733,19.209366055078373,14.50498890322291,7043.74515678228,2,2
32,103.20126298526804,134.63017695040793,36.75703858449768,99.92469241753572,24.683719463306932,12.797328043952062,8423.999127889754,4,1
70,85.68375319994348,128.93195329883832,36.14311370842787,91.48632884612479,16.056561658456797,10.584381244807924,6595.508623859582,2,0
89,52.64648243396704,117.62583527952731,36.996140933581934,100.0,10.822718037182543,14.29935829897819,5783.998019925389,0,0
52,70.79725548159027,140.92053178106914,37.68005975585467,92.67101806618277,22.272467212326166,13.315217637705302,6193.923632994718,1,2
34,84.36282750766577,155.46131520988396,37.06726474642589,100.0,11.806697121679283,13.148166054531382,9121.715709111386,4,1
56,75.52771067402146,160.75318586197525,35.23238088825884,100.0,25.08770950069594,8.294027025820288,9870.05463969457,1,0
22,104.26713457875597,136.13422202475834,37.31302054886258,96.7723567936614,20.697093489461565,13.625461623625808,8071.754966826734,4,0
52,68.14104403122128,134.7033962510249,35.71610409066204,95.18583149449663,21.39163069793716,15.581745309582928,4784.133704319656,4,0
75,72.75177177003525,89.83852805910186,36.26509855224,98.9884477587722,24.28786659251645,13.546608371374422,8476.90286451804,1,1
29,71.6201698827465,102.07014667834294,37.6189173316578,93.26816783297214,19.873314261873578,10.396941173029978,13282.684178953337,0,1
52,119.0045141748604,160.61324196152594,37.057695111570155,100.0,18.797547629702684,11.632949297472262,7332.403835936934,1,2
39,66.87102808245267,134.57966669960237,37.229121611924285,94.24401620514064,30.645112931863785,13.834673415671816,7879.4014156083695,1,0
20,76.34072617150161,141.05472639640135,37.26417600821702,90.57437714661299,8.978674477063565,17.60622985091943,2586.432423150878,3,1
50,78.82112393234254,146.83660709352873,36.826759250974476,96.48998568071023,19.70477171403834,10.164589313142923,8232.326389372063,3,2
71,67.86395197031908,117.97659804895132,36.474261635435084,95.92954776316205,15.929363294977641,12.306184796854403,6751.656302683541,2,2
79,65.39386502634164,133.18406104867358,37.448207536718726,98.05497348800749,18.27806789492974,14.960051938942346,9460.676568294366,3,0
71,61.2061967120686,153.56152005653615,38.510225236278465,93.44629214889233,19.027860341733312,12.527558975450692,7700.331324355489,4,1
52,112.58049096024703,130.86344644938063,37.01412075901637,98.51782745783947,16.00172477422543,13.970450076139706,6234.096082020081,4,0
84,112.95080547211903,109.62264584101402,37.791433568105745,94.53766391362713,23.396136312016026,14.22746324464277,6067.127002435578,3,0
43,87.21617512451398,114.84368996517235,37.40024532718999,99.0897412796781,13.489180544625597,10.740911538969492,2221.613843052127,4,1
79,83.15098446972156,106.73642244640331,37.95290233063628,93.94874863791014,10.886839374446291,14.140553748090284,7760.916972483153,3,2
63,106.05502406558763,150.92997674313506,36.21101376353049,98.58178650508827,13.815656557361258,12.946141695967166,6515.271455195188,4,2
56,71.89058169044847,126.75288915828442,37.23187780202167,96.82890354021261,12.334302871063072,12.806908909244758,5575.1185647609345,1,0
57,92.05292601987655,97.95228543696332,37.522311088073344,97.19576680608313,15.93106509668062,13.171509600423468,9380.697995512202,0,2
90,86.09053982999934,139.6662593358086,37.179560756762086,97.34319500327331,15.50550734366423,9.37465295082577,8601.211301582145,1,1
46,84.3078483320597,94.00019076302705,36.657835466888585,94.50910126772412,20.43201353453228,14.273477652696371,6786.649362716298,0,1
44,84.59624741927159,118.90533391209547,37.09967145541926,92.94919126990918,22.786959135278558,11.125213396365293,7500.89452000174,3,2
29,80.82074726769127,139.5878747380838,35.870857185797234,100.0,22.36407627561611,12.119140055286847,8529.096194847352,0,2
66,98.23827368034465,140.64695672707464,37.43133602879565,92.41047700839289,19.053705111857344,12.203649024591064,6299.069856909733,2,2
54,69.86329051001246,95.93155142927618,37.352473945505295,95.20952161964198,23.638200297034054,11.679667346283445,7742.837913704479,4,2
47,45.79950642812903,124.69810499586238,37.086782884715376,97.58574642391001,21.199275616006478,13.675970209378958,8286.848098629293,1,2
59,91.28753124990622,122.54035522734578,37.70967585906754,93.85663134150843,21.86230616371491,14.269461462921535,9338.601744380876,4,1
31,55.76204376921422,116.84743164273058,35.469736718736726,100.0,14.273485372056097,12.719518621478857,6829.355669346543,2,2
34,86.58162473538816,131.33471594067586,37.50333136930192,100.0,22.782587499977943,12.351371829427727,6849.36437008457,4,1
25,94.98361611561731,126.80119972428393,36.587744839304385,97.09909558065281,18.887818596948886,12.775242555883692,5061.301009209152,4,2
50,74.3528111366325,156.56334394950517,37.84239536372299,97.65299594438397,21.031934377771904,17.597200489504907,6688.6549014546845,2,0
44,75.81171831066479,94.29724864409894,37.31854212261634,97.66906582122921,16.5446197328712,8.261226633733049,7353.173212674202,3,2
19,65.81177145099352,145.54494627853106,36.169246659672126,93.65379811729983,14.732790653800542,13.010561402905228,8291.400780809714,3,0
53,73.25865353046865,141.7512883009269,39.09395141390883,94.99440245526822,14.361980362109108,10.13859153189603,11146.618055878163,1,2
32,91.88667138220308,149.48074652836246,37.423978038848745,96.16691456608332,20.09516557678676,10.908708357400588,6281.179073749436,2,0
24,76.92397414776985,89.42586136999127,35.83126403635695,92.9898523676854,23.193815347834853,12.762124761479024,2577.0990209694983,3,0
62,73.47518785270026,130.60861247486056,37.18523083704149,93.75915401441192,17.29960668336993,13.213341075536636,6334.143947879267,2,2
90,95.09095083554175,127.50173963729658,36.2398246572125,94.8050662587846,19.168948938097614,14.377147334108214,8007.824134823635,3,1
59,72.01270447172267,122.64008431755298,38.0628449373556,95.79008382989323,15.65178985117905,12.558158696384378,10195.536123642398,4,2
54,98.08190619450001,124.03179566222771,36.64386687602498,95.57840406976436,27.84998411890092,15.488392985556032,12710.666422506465,2,2
24,76.2110924716522,126.25856911446289,38.35006005692762,98.61603364398412,18.272401526639634,11.805546293939027,10360.958339987563,1,0
54,87.78160565565052,118.11660646536451,37.27193096300277,98.72133001882229,8.310142068421898,11.38070591789288,14095.448140989392,1,0
83,98.35129783123806,177.41238071672646,38.122883127334866,100.0,15.349732672956163,10.475826052782162,10598.908131689035,4,1
66,73.724971181062,153.9797038423848,38.36598266175258,98.17003040504852,24.061113852770774,10.631429693449341,10001.310899140532,4,1
86,112.84019890708183,169.68956952474235,36.484081183893174,95.29649579355029,24.128857459830208,11.47879574132895,3851.9158460874783,0,2
65,88.9115322734209,91.95405857891664,37.072173075584494,91.62101246099743,12.75483330980233,10.55410273315576,1500.0,4,2
37,78.3150098599261,111.11369459299603,36.781667308898804,95.20826946472566,9.584531395365294,10.895756283935446,12275.921236221562,4,2
70,64.94404198832478,106.01032630133264,37.40264565692014,95.55959313215052,25.939961314427343,11.083553132548877,3967.044183854576,2,1
36,54.71351797204028,149.8032866943987,37.114281639562186,89.93085191351514,10.447132026978743,12.071148868478502,4442.037216983375,0,1
54,115.56731490228627,164.68294778250498,36.51088453291651,100.0,23.203192270895453,12.541669022026042,10945.905988941731,1,2
36,95.89057833718105,135.55823479713067,37.15211578197926,94.85650764836399,20.16500289889744,12.17162489975424,6312.89973707663,2,0
28,95.00666059988805,96.13740244512884,36.57010048830577,97.64662245441835,15.908157314911538,9.991564665222475,5649.761260819016,2,2
83,64.58068131434301,159.72981959693726,37.29483170144556,91.94838426310719,23.174828816613406,14.027367590266483,9593.588814516876,0,1
90,90.30225601925879,143.72102999589734,36.32246414079687,97.36780775979516,21.32399992790417,12.603630246628713,8693.660400733523,0,0
46,78.00735797247303,113.71889530550601,36.50882892973361,100.0,15.379278570011198,15.024690896184694,8822.411904694038,3,0
65,52.17045069591732,121.57115815706241,37.94588641740901,98.71924213596904,16.654753438581047,8.499090097546333,6587.018234081487,0,2
75,113.9190195371797,119.13465581799856,37.18279012764081,96.81595850680088,20.000369711572823,12.033098237324934,2037.4934988657524,0,2
33,52.31138692975061,134.9787569807899,37.784148099077676,94.35187876805034,19.794579353981298,9.877612643047613,8042.129674824189,3,1
63,145.52204290123973,102.40185499582591,36.19554280826058,99.66893374640546,13.220414855671033,10.15169799696068,8318.88006630302,0,0
29,73.7447866950593,151.0366294239243,37.93535807136335,96.02123879879107,15.65303654068724,13.350870757115509,4000.379819660238,3,2
36,103.74473715018513,116.02752291511801,37.72876161054333,97.1718172776691,14.378795482365593,9.47474227231716,9552.613430893625,0,0
56,53.98981657980926,111.39532055066236,36.43978139109615,92.6495515446471,9.921541611854698,7.7247927387289765,10077.093195702564,0,2
50,92.19366315664662,134.04023146946187,36.191897652397216,97.91429492869716,19.55555849262962,14.417343170756013,6322.391591607906,2,2
86,45.0,130.73886964108254,37.496973366555224,96.0600851632912,21.294087060939557,12.472080958129165,9478.329119641092,2,2
52,53.762562534101164,140.07009145169212,36.90358714030688,97.9191847466708,17.7903855289644,11.136176118640854,4982.391979909031,2,2
63,90.60368145910542,137.36975241607607,35.87861021968474,99.10958083218907,21.314780717966283,11.200713123287418,5915.380965312431,0,1
56,125.97542121536577,144.2752895692611,36.81945433372328,95.35079932410777,9.336917456366743,10.611015808784613,10329.201744004911,0,0
42,86.96414649770219,128.25528731209357,37.49783600520366,99.68989326951011,27.798206847314688,12.479775709982828,4260.807399942627,3,1
22,87.03523756941998,102.56743787098651,37.536721844186395,92.90170675109982,19.19580967572231,13.627216851312578,10952.220726275431,3,2
70,92.15045242273595,124.86099219990794,37.26028610532685,96.16169392654272,8.0,12.86817676884148,6468.751529985455,0,0
89,93.05891076438984,161.922872174669,36.948150102432905,89.8640969967976,10.880587855832921,13.124807781479237,8454.42772370478,0,2
35,84.09339427194159,102.58079865814236,34.835483041112745,95.40557927015077,16.316390104611866,16.413030104526165,8186.366921935788,4,1
60,61.43045588258792,140.6752895145694,39.21057291242876,98.18632182162979,11.862785452082003,13.694767458843021,2080.2956058671534,1,2
70,96.68394695239628,124.14881988374049,35.94078336751367,97.25672207481162,18.678822200172476,10.43364808881905,7370.278538495221,2,0
50,83.40332969040243,126.4205394916545,37.045619594451885,98.80199742440347,18.19701099313063,16.173831973148708,7657.152800880933,4,0
38,100.2555526041974,143.35589423853997,36.41470561417579,97.86702754061216,17.53003970802213,12.20961502072107,12125.84171617837,0,1
76,80.25723021980234,169.15370804623274,38.82248445027133,97.69047419328714,19.07136241372961,8.654838540624556,8442.012414274146,0,0
61,69.46390293563549,110.42271972754229,36.575481464573954,100.0,18.586034958865998,11.54481180382133,12502.879065217174,3,1
65,67.6948703223488,122.99350282303585,37.02059187521498,100.0,20.896089017526915,11.13610948204844,4810.671509776751,3,2
61,94.76504604314631,132.86232434960644,37.18085285688459,100.0,19.107309816995187,10.594144199055737,9270.699715956458,1,0
35,77.45228679510505,135.22072443462505,38.14900893020619,97.41132972170283,14.078955932064352,11.95198632679857,8967.030532442634,0,0
48,91.43142900158351,112.06797349587778,36.82852279571776,97.46869892689672,18.856445581703365,12.172752017503726,4361.748481227395,3,1
24,74.72649634338053,79.98352582372061,36.80428210988968,100.0,11.74997268479672,12.062590677245439,12262.023044501144,3,1
83,66.7586558266074,120.91398083171379,36.8343054419171,98.84052067768137,29.653310913785546,14.119635882669511,10984.033975927532,1,1
57,102.97862710405543,84.09432829067254,36.66762983661675,94.50022924416173,16.497946777203623,12.07531546224513,5823.903233482123,3,2
83,69.04717821633308,144.89503297997086,36.464861463260846,96.38149456994243,14.250897122823485,12.871435878551585,6699.04896714664,4,1
80,77.16617008526941,139.90127884180973,36.54102168263153,98.7083683478042,26.69458018415067,14.918093064444234,7458.0965608096385,3,0
74,73.16879217375505,177.97999813795826,37.39866602500554,93.5352482837817,20.657190054933114,12.568635296793865,8964.375128357922,4,1
67,93.55121795884153,134.67065561565644,36.65697913158337,100.0,18.274619957349415,10.78157022273706,3630.585296373867,3,1
68,72.31759329328648,80.88906860393419,36.19926843013973,93.02289038743035,17.306967997620085,14.356196657533102,13891.979878761575,3,1
27,104.4774519937087,131.23565286192436,35.68626815183895,92.08959377327075,20.24568220009316,13.127894153225597,6981.747891016213,0,0
81,103.0935486721315,155.7162393584776,37.08499849627939,99.17457336935219,18.214764193034817,11.190488269947416,10720.510097945782,0,2
89,84.21785602068448,149.94949080404947,37.44772226246356,96.27539921931675,19.53127128442495,13.778641904624985,8853.002829562383,2,1
89,55.61538315187414,100.15406966583727,37.38361842900449,95.16988729820754,30.123607266929785,8.798512315877012,7703.374392286383,1,0
67,81.54246519230567,153.5588966262992,37.00094531855614,98.89043925805409,13.416615814140563,12.421921719132996,9301.704451306185,1,1
80,93.94689094346803,115.35238921160574,36.16879636180295,97.1234429163088,23.314494563077886,14.342618025030927,8733.450417318518,0,1
38,104.80095123473052,119.12421561903476,34.97661963121584,98.34141646088206,19.652641595274538,12.707776465073342,9159.896927713973,3,0
61,64.96243929768232,149.6543631031026,35.49110558601493,91.27965601284264,9.119217610520353,9.320767858860883,7395.392621710145,1,0
54,88.05261703395337,108.15534661111484,37.15942499221631,100.0,20.537598331509216,15.101320955516332,7774.90055553133,1,2
84,89.38206839685407,151.33533234192012,34.68407851839043,94.19228875529956,17.045465216128914,10.782372959470576,7945.800822464735,1,2
31,93.14848206434904,156.00912588093797,37.221581603299704,98.62548770828226,23.68685022829735,10.26261940217674,9298.040734634726,2,2
55,83.92517456220875,108.28438600349367,37.244804608757015,95.3535449581575,21.29479998134441,13.604589959599888,5452.366799381425,1,2
41,113.28600865846215,119.96915719667288,35.805918207683696,100.0,20.139882259483578,12.67200208809505,11145.746098734977,1,1
71,107.70122687060463,146.83037392464507,38.9499582815253,94.40549358496135,15.68175787903038,10.923523623937156,12782.899427200147,1,2
44,109.59772665830033,148.95254754150585,35.62567974670881,93.41857780773942,20.936475069296623,11.615191588699735,9612.569930793168,0,1
28,110.08170908736078,111.62711050804346,38.18734522235375,94.98395975675301,15.167942853503275,14.884836188823009,10367.639534628484,4,0
63,99.2531615020964,108.94754850501292,38.13244234098286,99.3530465626608,22.130740703598615,13.408149829001665,8397.485484444873,0,1
22,72.24160246052726,163.55603207742786,36.57995369696094,96.85356313689975,18.789634525504262,16.142981946565584,10170.649019127066,1,0
49,45.0,115.45868524403865,36.50509368341339,95.24698803107916,23.630215391036426,12.184799838870289,11861.4422764042,2,1
74,84.95754577113125,134.32447505256894,36.525891260892344,100.0,10.716835351391463,12.209115159347357,5889.89849826088,3,0
50,84.40262539113434,120.3321938052592,37.643993495348425,90.08524138337347,24.004789459298706,13.437016553072395,8285.636982629707,0,1
73,59.51147671273518,87.01316308615614,35.80700386200587,94.66582484626402,8.0,11.595237781892445,4819.227761505911,2,1
58,73.45147768143372,152.41216669454428,37.379436892074246,90.26266589523325,23.03617835129032,9.132882815205175,9509.533083080227,4,0
54,79.09227965481112,134.77352752822767,37.62202673488576,99.05689710325946,13.502869837193927,13.760239284307064,10920.939645285602,4,2
78,105.47415824222398,130.22860371874245,37.636225174641645,99.1400973963897,20.497347062927574,14.519581316992191,5072.240023081167,0,1
48,95.1126848509178,136.0633505621699,36.17073126970174,96.65163839666802,25.363542008400703,15.210278420572585,7397.290248176514,4,1
46,85.379807140801,141.16780059353653,38.1126515707208,99.34803374134106,8.0,10.415459098565357,9308.486272550359,0,0
33,81.57554320585857,93.71909322332141,36.14421718481065,99.33750368861456,8.426792866969315,14.875002572453319,7828.429402974228,0,0
18,82.77761517685249,129.14416360468445,36.61590045187402,96.13299423991265,18.69600566936311,9.880189427136926,7401.331263956899,3,0
58,63.359147520145,114.79199486581216,37.27013067054771,100.0,10.081866947746375,14.124812438539733,7346.587120811514,1,0
18,69.36125012526439,125.37663589313104,36.79775155878941,96.59156315012902,25.978483748409595,10.958341877668351,7074.340955408303,4,1
39,53.78899880322233,151.83548504523657,37.82317183596725,95.25499923729701,20.14968270029953,13.933166847657782,8687.927850460672,3,0
30,115.36776745152808,125.30751637552761,37.47011324611324,95.9076516413461,17.224065360125262,12.412792729900323,10151.517286564234,0,2
47,53.32879601996501,130.81297565238123,37.14337975291308,92.42021078332513,21.6581556582634,14.168976935347931,5931.790150163498,3,0
39,81.77824700143412,159.46765251234496,37.82545126586438,95.74971709711772,18.751041979702965,13.533638618761366,7136.882830771479,2,1
71,82.47199481033414,116.63678740334723,37.362171895397125,91.85627230680504,16.221359230462365,10.944486276983312,9057.657140915784,1,1
42,56.883838074988105,139.2508356167423,36.95928749214467,93.69315778853247,13.7710821402769,13.95794145465004,3391.3231786163706,2,0
63,65.08541538011006,128.3882905251056,37.656473150088345,96.07907480709412,14.735699596176449,15.491597224585734,6062.84282951055,1,0
81,110.36157296279721,143.54235051652208,35.35086362632264,94.95487918345583,21.325510862152857,11.184505757548145,2743.622876591343,0,2
39,88.74646502374647,133.56247134756748,37.563447626173975,98.32361247046595,18.67388227897421,16.291248633190623,5191.60261159471,1,0
83,97.89350297501394,95.68893671424664,37.103360221324905,90.84917033664901,18.213815931742914,14.85896781049461,6340.137265447165,2,1
73,73.99951344621653,111.09579487131516,37.178497923011754,95.6971818507318,27.41206217363565,9.454715253942911,6741.314371290267,2,1
40,88.42520353634922,126.93291407844637,37.793209518550206,100.0,24.796666823776167,11.345159221211034,4884.237211867219,0,2
30,95.82173846838923,116.07420850074331,36.31145326460616,92.55930197930093,25.27845538964594,13.048184346390366,4337.189949054659,2,0
64,56.12970362965582,127.79574818236877,37.211136464046206,95.51289788794831,24.254107544909054,12.542597125980592,4946.037905748366,0,1
43,69.81125500080385,119.91752083126462,37.268618908820244,90.66353003663141,31.521808333788968,12.048500333216081,6284.786358169651,4,2
69,101.098995510403,149.48932875270663,38.57503252291298,100.0,25.30898168194666,14.867300262799645,7148.7027252904,2,0
79,112.04797203192511,142.23265044651956,36.55253848524578,93.26214489429893,27.04415896260712,11.041345273124271,7507.717765091762,0,2
34,63.11143534054386,121.97806510004186,37.53121303904897,100.0,21.241211917055534,11.595246755226983,10332.818620278982,4,0
31,75.70899722529492,155.05908224037978,36.686293115025215,96.56401351022882,15.906033398342053,13.144879773066506,8942.359798885851,3,1
29,93.32841962628677,127.4643439724871,37.43383077558557,94.24682215554313,21.71566157830314,11.073576950879508,8534.67461223286,0,0
33,124.20000560133153,152.3736083327732,37.30545560896758,95.2426499212473,15.27869565480191,10.536560551460617,6846.3611991578855,2,1
22,78.40613780380589,142.0133478153583,36.04727832192326,100.0,22.434485821514308,11.879939888099,5888.143376209264,3,0
19,83.9323445933056,107.78830184692565,36.2032240427893,91.40636550192632,18.528517569033504,16.194804318304676,6773.2778801838895,2,2
75,101.54272676079141,153.14540093661677,37.826839694699366,95.5080296899355,10.560981426006197,12.23355717739442,10657.193702649205,2,1
28,77.5645205220958,156.00788720263665,36.91884423682721,100.0,18.445736231952534,15.845723042786496,7389.259672289649,0,2
49,73.28647645267877,121.29503559527495,37.77727050583437,99.80696147653367,20.187235264934902,13.309572657314776,10165.567463897252,4,2
34,130.00521616809266,158.1630026051604,36.87421128938203,96.98842579554648,13.61045820698439,8.96693122805699,6372.279766211826,4,1
63,92.93872110695544,110.18536083485053,36.08363583388017,95.96655553322448,19.16058377370289,12.755251339908371,6054.839733433078,3,2
86,106.71555798806997,126.03158849529996,36.71368518486571,97.49146618770378,20.945484385782507,11.950550570138827,5129.0333614298,4,1
83,57.78914247399841,110.04990411406226,38.21449480854401,98.21778294284114,8.0,10.196992583517936,7304.883564999521,0,1
64,81.10534366536461,70.0,36.39040151618394,97.46566328014656,21.511119664898054,16.47502219550545,6139.429638501398,2,0
28,50.61795300778337,141.70854870137768,38.41259117001592,100.0,16.159784118627616,13.541765593693567,5744.692052450886,4,0
28,82.7916834568327,97.45791212356201,36.87478693201245,94.48560891553899,8.0,12.245402049000512,1500.0,3,0
69,106.9970257621401,111.00904856516519,37.36812153180546,98.49502275615414,15.773428834761429,12.56657579699671,9121.632551649947,1,0
54,63.376150458411715,159.04368369893706,36.04782095600692,99.72099265762326,17.01787710701636,13.015070446630032,4829.546015493861,4,2
33,99.31766597183544,136.54057676513918,36.56605935582806,95.28298360175985,10.71165242667644,12.700696767016488,6635.888760579684,2,1
42,71.60386575037795,112.73727594027262,36.09709667819743,94.55174728929887,16.073978527379165,13.115953373581476,12056.174663066024,1,2
45,77.39574824853041,114.99068824869084,36.56197414266624,94.98867639277262,20.989331529271162,12.927866051284711,4959.231078470803,2,1
72,71.03999600109407,145.05531171007792,36.02531714308767,100.0,15.448538340088014,9.54784210550632,8127.3123369987225,1,2
26,101.57372154993645,140.32288583966107,36.18657492579637,99.51188703491387,25.50738979433414,13.226287276941587,13884.413845781735,2,1
40,115.91425702258032,121.585025615228,37.129488423632445,95.8267906499772,21.451092779459437,11.806557186246858,3826.5646833158357,1,0
31,81.74410722603203,124.2881202518171,36.921957105594,100.0,20.675641277108006,14.020890859596104,9028.648113508796,4,2
60,77.92449632533736,151.70276375364097,36.8773614949067,93.45349253715074,22.129918353326552,14.631096378422612,7251.309436113487,0,0
70,100.17335086198332,117.18355639500074,36.93954011394526,99.49219244888133,8.092307896216422,11.881104117449617,5657.539290209817,1,2
51,69.83278524795237,140.35807352151295,35.84973944085391,97.95207320578993,18.197093134478664,12.92617323366732,3328.851078176056,3,2
66,65.43465946526385,130.36486994479603,36.27745328680679,92.37148311291283,15.881969560808717,9.22425707366337,10764.92197197844,4,2
84,82.13225422236496,137.5509823445838,38.19053859642558,95.20828290618276,27.25686229023645,11.794759902968181,12896.82471311208,1,0
41,114.2193186888901,129.0453274529901,37.006037119812774,93.28297769056867,29.346032761785445,12.970413484425453,9620.601703299713,2,0
35,99.9078777987194,95.9198009656921,37.03159168568979,100.0,26.85729793724792,16.961933243498528,11856.073748506085,0,2
64,70.36959341301935,131.75262842078544,37.83061982524259,96.46862652788515,12.059092662675914,13.185517128480999,8090.938207320875,4,1
23,105.05566553061821,111.22752887789169,38.1123196237979,100.0,20.72392725622387,12.62806106102282,11691.562563856814,0,2
25,90.74883285499646,90.76252165126635,37.99499909426603,94.80456394405466,10.429511118405829,10.192489065717298,7116.273355767418,0,2
72,54.28278571278413,108.53757281680129,36.823642179131205,98.27611998781941,10.370964850909939,15.306020392804367,8574.33658991085,4,1
82,62.530960373163225,105.87241373942912,38.81293491720287,92.60853204918806,17.891481715197028,10.492936281739325,1500.0,0,0
57,88.34077618453361,102.95681004209034,36.87377476766613,94.96741294983951,18.3948182747747,14.883687385472665,7364.331852267676,4,0
81,95.78125923269153,112.45487854486738,37.032778593618566,100.0,22.311341809743993,15.471785133347272,6788.135429872001,0,1
30,100.76131686128522,127.59696048824166,37.245855994278116,91.57003952936795,13.515715992201189,9.992845810073861,6163.800670261064,1,2
79,90.50098502360503,137.4467053352372,38.430797640057136,98.23692542179516,17.234398753802196,12.199183519978225,12820.862734779188,2,2
76,68.35684766132925,129.01483801043054,37.00140475840127,98.22138162079659,17.172919843059002,9.904046077606818,9721.870368589047,0,2
65,89.08535939546837,118.86160534175761,36.2195672600807,91.69999886314586,13.302153783831542,12.359544485370522,10329.016517864166,2,2
82,82.17533426616802,156.66224843375423,36.76057128747293,97.6288334967763,21.40462226984081,17.737019650804367,9880.931641644253,3,0
25,64.05098998250908,125.36332835015828,36.25874377884549,97.98167528107203,11.699571330094047,11.81576752902158,7217.490666696056,2,0
43,88.01556981445879,95.99800047556639,36.484602810519995,96.51151899563767,19.15452866054652,12.598692632524731,6597.98913361512,0,0
84,57.97733973210668,108.25731886847734,37.38896933707122,94.2789638092773,19.386324055335553,13.365932960373964,6683.437008695488,1,0
45,97.38397687049289,137.47837560803703,35.81318106832089,96.23829399302457,29.13615693817379,13.100864278017925,4961.815577107216,2,2
44,83.09266011098786,153.88034638830524,35.744681403663634,97.88279673585909,20.154134136735788,15.696655292817727,9989.540955567056,2,1
62,53.720812588718125,153.33875547469813,37.79123640988628,96.91939120413564,17.01136999503334,14.764595859804695,5008.214505953749,4,1
24,104.91212306954458,152.59461697877978,37.1082010385186,95.17241520208908,14.301475064025775,6.9329218450582974,2404.7756074411764,2,1
68,72.42656037527445,128.6035673417952,35.614214245979944,95.15736470442182,15.557300316594095,11.434392222700996,8559.541358927721,2,2
31,99.14375799126128,80.63786669959646,37.77073365891183,91.97926482141476,27.323802925422665,13.387302065526,7462.863271372804,4,1
79,124.5375319864064,127.14693762154755,37.89671319975307,95.17506046308876,24.544815206462687,15.358293458816021,2363.410194767379,2,0
54,47.901064356087666,138.9583569916582,37.58622244257124,94.39034983859233,11.462330756523146,11.659181314992523,9923.241502191235,3,2
63,94.93175990012911,140.2230325569396,36.63644177072365,94.15632543933475,16.977609113427285,10.901966450683785,7230.493658117497,2,1
84,64.87017184571769,120.32947260562908,36.44641555886412,95.53324670308123,11.334810239156262,14.471872559641854,3871.612454281799,2,1
47,64.87100621687615,141.93213211944234,37.83301156327019,98.28784775676465,15.47787793065061,12.342881840620642,9152.61928075832,4,2
42,103.213211056574,132.83885499738196,37.92925268400313,93.42684544998167,23.0385672315235,12.59688393178796,9161.161470191584,4,0
46,82.0115386444501,120.45509320576132,37.184107931269956,94.8053227115894,18.530379015068142,13.414500359447038,7260.467787261029,2,1
20,53.974444160493306,130.87364184632983,36.75509189525603,99.18998091678327,15.426110888609578,10.139725523972146,5517.8186846458375,0,1
22,56.78206935983479,146.0915567724506,36.094127042273236,98.62257069085373,19.67661599592596,14.76694630048358,5085.802375039014,1,2
22,77.30443892170942,129.2447411602494,36.87485368404217,97.82193509269823,20.056210721597182,16.37806161249177,9561.066398096918,4,1
69,81.5599013894339,136.28537896437237,37.507249919939404,96.05572844141696,11.959532167072739,13.596513013541298,8067.827515315632,2,1
74,57.6169594943883,129.88776277012616,38.030251640162966,93.34599127007141,23.00670774580292,13.594787237692508,7470.36932154347,4,2
53,95.69003446759235,167.00766350755086,37.73470297985845,91.50769410464827,10.07970554308512,11.230542376166461,9536.930274864835,2,1
55,77.81120893916668,146.92170168154271,36.548266645367164,95.06058769342143,18.09739629439484,14.045836207058352,8552.219775442085,1,2
51,80.09363094555096,114.58553301110146,34.80777583971813,95.04975912549749,19.81589448051028,13.117788377078087,8717.159882890064,1,0
68,90.10052654693298,156.612577670651,37.97787661147132,95.89603495760464,16.756465237114156,15.042390635341754,4187.77792585444,2,1
69,88.8440814499604,117.00032622063951,37.56106210576276,90.85032116530006,14.542033502071444,10.35271470102385,4037.3874118676013,4,2
33,73.31957727878145,97.82395985602196,37.53284556829672,92.29195621038807,18.284571088221245,13.250006628467396,7948.438388713628,4,2
33,73.9046689462019,131.07314423055396,38.57774112181074,98.5209142836851,8.388283808610305,9.027458874436633,8172.962715027547,3,1
51,85.5216607322997,143.48912830281213,37.68412877617438,97.57865658657309,16.06859328659291,14.865480396496675,6101.348859947459,1,2
31,79.33771586852208,173.56408813352806,37.166045816280615,95.08065912104905,14.433888293449975,12.194080031346722,4685.410038482633,2,1
40,99.45681475893956,147.3620656157674,35.45865291715978,97.70056145079724,20.829539958067244,11.067906607631793,5647.182146883886,4,2
65,60.6706742151153,150.7314514124065,36.91042752933155,95.04878862447767,24.09951040536608,11.843434321413975,9567.911278491662,0,2
35,75.93758512727564,107.38750708054604,37.662568517075094,95.94558428524708,15.23358412847175,13.923357944452457,5991.197571412926,4,2
69,108.46212874923849,124.31405876871628,37.37856803772593,98.60329535456594,8.0,16.63100746820742,7996.9960847388475,0,2
87,65.4891211481446,106.71561308161843,37.29821550820184,97.81054473793927,13.658191707967733,14.411597338976915,7578.538532532317,3,1
50,100.87194576890548,115.38904285362668,37.44515452690783,100.0,21.257648555793104,12.966405871559395,6390.578942241182,2,1
81,80.73649668225983,122.34658092209273,37.24041140625894,94.27692424611882,17.234622444709732,15.48910240152278,7743.66836997564,4,1
88,86.63121507510097,141.231070174427,36.39684498473007,100.0,26.98345642676101,10.195009241698918,7138.467527693364,1,2
79,73.64731366315357,167.07762012222378,36.93575447080288,89.5656286590083,18.10698463648053,13.293160238808136,7187.257130486131,3,1
77,73.82289252445814,103.24551302779538,37.84291990838105,100.0,20.025158028230056,10.285693070588708,11020.896842957252,4,2
35,79.53212264667974,108.19116110502694,37.74166138813551,99.52897066689542,28.22799481675029,12.09762290081033,7314.391404240442,1,1
25,94.66555896497428,172.39892404079114,37.63464972606609,92.76114719013525,22.54429656589237,14.991351744749586,6028.255318386952,2,2
47,74.88226037585767,151.724007284722,36.11630297104163,100.0,18.80198902517963,11.492776779147068,8618.175774910354,0,0
18,97.07135520849604,131.81322577728176,37.12384943005239,96.4704764398862,16.74986459678002,12.97946172405426,10221.930697891146,3,2
47,82.4641116389364,114.34106714005328,36.872958338803684,93.96902645180309,16.92246342970392,14.522778496768801,7842.600542897981,3,1
55,91.0954280423575,129.10320780799213,37.73229861601763,94.11814424575974,20.76153322645814,11.199462128545619,7278.516071513937,1,1
64,79.64294232233844,148.1146451226316,36.20046646627746,99.20295996061155,11.447361985518235,13.076570392533823,8533.520321303822,3,1
50,101.08306190769859,107.11081197637459,36.89438215081146,94.15831813913444,19.506771822745186,10.65422831756213,8904.925494113477,0,0
31,78.98964327071864,87.08328471596644,37.746712056602455,98.7876549963058,22.199746230061713,15.80111832500344,9039.809678720496,3,1
44,64.93734809223268,149.279924350141,37.66597834400588,94.4178868306681,13.400288529888579,10.64694904520739,5587.3574875786435,2,2
80,82.67376999337209,128.26954722807034,36.20099082562681,88.74353532622878,24.308365111835826,11.844375374971465,9718.256101066025,0,0
52,92.03033916183628,116.48173699079165,36.54874613606941,100.0,23.473071915005452,14.195067297426206,5702.93731809227,0,1
42,97.67993695300791,136.49424965760693,37.1758661836842,90.83689832978324,26.711322915032206,10.197042653428861,8299.120479079678,2,2
19,84.35053019229156,171.87586229903638,37.67626816111638,94.47869492856691,19.193070196858226,11.948068538427979,8363.924192269053,2,0
54,45.0,105.15889355690621,38.507968654575606,100.0,14.925618158957214,13.407642972764505,11725.020067751679,0,2
38,92.50712277640972,119.9686972250264,37.1119795937222,92.03779121539183,23.101173286698288,11.468642761985986,10659.716943963705,0,2
74,65.84979581653297,161.14076895429315,38.124328015896594,97.5845138310277,23.65283847463168,12.649132990836002,10615.745736094592,2,1
48,99.97904227696287,122.70880492771231,36.871792629864835,99.26961325157878,15.279927477447519,13.166845789099389,6529.192117122552,3,2
61,107.75916930531469,143.20326441456152,36.568109701771036,99.06146399718129,22.764842205163582,17.068399801132724,9237.143715134433,0,2
34,79.79416550392826,106.89171704701754,37.62792758326606,89.74184230954157,17.408930252772482,13.641213957684526,10576.295005275233,0,1
24,82.21319192800897,90.76245046178144,37.32686991071513,98.29317529562962,15.114058819894675,12.683038254100712,8973.555872896646,0,0
45,96.07099485302892,140.56232835004337,35.872422748309354,96.83922172319943,19.488357756954592,11.757693583068708,5670.711229944311,2,2
53,56.58152775692358,163.34089989155933,36.049003775374324,93.85317862523527,19.09733467723319,9.337638895099476,10408.283363474966,4,1
80,99.10667175828107,98.30965560554542,36.41536772539062,93.20869767546498,18.12442215868108,12.41348376603769,8636.102830482396,3,1
35,82.17627418024281,106.95498646579532,36.76387256897513,99.40716181512104,21.393427430743,11.528289436348969,3321.9291069474284,2,0
80,87.85673896255022,156.05922145328418,35.287645528302264,98.9875521621952,15.172017153422775,12.237698325697314,9556.348965138768,0,1
36,94.84956416248858,137.15460026939007,37.05106788423297,91.96069606754862,8.0,13.973293111250731,5277.986680271115,2,2
87,122.86597881605059,149.31783301890275,37.65068786742519,93.55346658673673,19.923023658711372,14.137777082115386,5372.028849413453,3,0
80,78.98684146640164,175.24510340604496,38.382911433787385,92.21739196155,18.345752805028617,11.518489321139203,5304.501691704623,0,0
22,93.28950538194472,122.94810847074311,36.779569321250555,95.63759309281768,14.422998886534163,12.739548685349154,7942.505838184322,1,1
67,107.10380554408356,127.24233333728353,36.76494415801651,96.7462436715177,25.448325588903742,16.21361000045412,5567.258967654456,4,0
30,82.11612785763909,119.93249483364937,38.264271144654515,94.93730209036767,25.994033190768185,10.472423704360496,6947.625071372541,4,1
83,84.35192728536944,78.72932501761885,36.303060248915365,98.8681343899443,18.119927502740985,10.471678009467654,9767.940021764085,0,1
70,59.245938684078354,142.3872604941382,37.051431691657854,96.16030013523644,17.474283275567252,13.239773286919565,7515.3276508591025,4,2
45,76.3652921742604,108.13552181391682,36.1329284636636,98.69437491204627,26.240990463599424,11.011358198367883,5944.148215189677,4,2
64,93.16535332807379,113.24915824247168,37.0701823884117,94.48387301689328,11.77090387086475,14.298336989605463,6739.504735785256,1,0
89,94.2410833653792,110.14327024404254,37.613297702349044,96.33017442077413,18.7673817641357,14.151714965459048,6549.396150245004,4,2
90,64.59283680697305,151.27446808630384,37.34389485244588,97.98829156786158,13.061745869498354,11.614399594228129,7546.738840515777,2,2
27,86.03007669025016,123.80131274580397,36.701987837770595,93.86075979240712,20.574069184184474,10.661661131020539,9919.887369049547,4,2
65,85.00297913408677,114.15674610666477,36.7245436962335,93.42045526007789,25.582231495946296,10.893380141415069,8194.549551797018,4,0
59,84.66556955163406,150.57045061820844,35.69121453539894,93.29365019192295,16.282030087398805,9.726718743441298,6622.199578366474,0,1
56,105.39017435444794,164.94800359378777,36.31689805851515,95.90383848500107,24.10450649719758,15.65504776107425,10115.26624080131,0,0
40,91.27571797020009,122.18692820133285,36.94484209717359,93.7902608020821,14.406140002177734,14.947850136927277,8738.288732729981,3,0
46,78.58963611216845,131.6059520248498,36.91186509678532,97.96542688547814,15.552557166016285,14.33518365195114,5847.49334989143,0,0
82,62.65417730875963,135.09780383274253,38.582227860884025,97.08239980809722,10.892731634548808,12.197735533467771,9003.661781564306,4,0
42,88.7075541702367,135.5254779942992,36.925213203310776,98.0205538747022,23.513361148003725,12.457963200189651,7567.17202388111,4,1
26,82.48906098004436,126.24018349358555,36.9718044302338,100.0,18.100004682069923,12.85061632674811,5006.318579934371,2,1
67,79.66403692173151,125.54142537721513,37.3590127718849,92.90915714310084,28.776472675473414,13.767869255585222,10027.317040566344,0,1
55,121.18225214544299,140.2555219671043,36.663827501952824,100.0,13.355470026159196,12.348218466896007,5116.308523162552,3,2
64,73.99098988933697,102.08104783058849,36.06445011916112,99.01805047276558,18.843681926835835,15.61522896257796,6906.5014940688425,0,0
79,95.03233926447288,169.47579788685178,36.47122364579201,93.56986728176935,28.614414994334464,14.042512894368295,6820.827627921798,0,2
86,87.87415868107975,123.05621557962782,36.729533489751184,100.0,19.092426756271557,13.230102418461762,9509.43254203151,2,1
50,78.53409718674584,143.9039573512975,36.93268777076459,97.34031596659204,19.108907252554523,13.088691092851613,8813.69200322538,3,0
30,77.69858763723813,149.30846899400177,36.64838940821118,97.15756060587063,11.646596249723341,13.254340367310956,9029.545079639825,0,1
29,77.03013563107379,121.64621449323381,35.99986864883552,91.68794291537726,13.32500998974603,11.961833932715514,6989.068728181421,2,1
57,45.0,103.52936634770546,36.71880943429356,98.57672049432077,17.09333390278573,13.653856766924454,11626.41051807723,4,0
41,67.74741561797458,140.1000304349186,37.16953164608291,96.31987677062641,21.97915838757207,9.51926685397491,7921.319988556304,2,2
25,82.9115064698588,120.0134955658547,36.62877315061967,96.28136122084868,9.387222234405481,14.265627640157556,6781.948942258019,0,2
73,85.89066538523524,83.18971908877703,38.41160944061676,94.00109484569106,17.38316875697302,8.390165060292324,5924.321550310842,4,2
44,73.44852991416664,99.91138231288667,36.52619374799827,98.56391313817053,15.960022131908655,11.510022702461375,13963.743039748073,4,1
30,84.64282153627148,137.92274932932463,36.32469260738499,98.67198980435838,17.77016668943464,13.632377015605536,3957.662039607895,4,0
72,88.53247229690845,141.2628174346998,36.18096188541083,98.4592955725642,10.617601982962764,17.055119625833804,7023.891960091692,0,0
62,85.2697344210928,149.48897387883443,37.765708607427484,97.75297230087449,13.418263202705871,16.206795904427864,7481.492160145849,2,1
34,101.99556477737154,136.1138713158412,37.93561815872853,93.8224403916471,9.454536690237418,12.164841147547858,9013.377938770906,0,1
78,67.24503049399401,144.52907418526138,37.66729011383687,93.34225829375683,12.304691858974735,12.66107741042249,5667.962396464471,3,0
66,88.57363117180276,112.55877235322426,37.05837459195446,95.17405946802455,29.77536481438414,15.111618085773397,6723.6032901922545,0,0
82,59.10449901648122,96.91023908199216,37.015313334730166,94.08695921748428,14.645871094841551,10.769007355252779,7488.283533750154,1,1
51,70.4749669475674,133.7489963297198,37.643780240918346,96.06282285104955,19.65849581606905,10.025406030657601,8522.944059006966,3,0
24,91.49511163921484,177.45618343432048,36.46865933809456,96.99678585011577,14.216050345487506,15.44600642686854,10571.411781230883,4,2
90,75.09839601197608,145.09429553380136,36.722537143407735,92.3409386760269,14.116575664465358,13.859780736731857,9175.141797176011,2,2
76,83.97086739008601,127.46646973846305,36.86393924186366,94.9177689571835,20.546959363393405,7.452210492844163,7613.687170477175,4,0
20,82.04536260791127,122.46582557285687,37.02558952213914,97.9117958001215,15.83446895374929,12.82430514539461,9611.527563358326,1,1
18,93.61188518909876,138.15103727652348,38.786912371942684,91.20665280429498,20.043202196849006,10.22636370928192,5155.439204550044,1,0
31,77.23211635848097,110.94067524691488,35.420679958847614,96.09534991895252,23.900515927314633,13.35100877953614,10877.00956344659,0,0
26,63.41530082333951,116.27409916835884,36.21442492222662,100.0,8.0,10.834759283464782,5614.325590559898,0,1
62,116.03744238340852,176.05855821332904,37.86141172837689,94.07688708042227,21.422421363362673,10.807483934167758,9657.397470755468,3,1
63,109.7945870901727,109.53353965738017,36.94087010935278,90.75978289475128,13.454787674152733,11.91102067732636,7543.085462193842,3,2
87,76.2521589802402,144.06545987854392,36.89591587124621,98.33269335513424,16.739485725084627,15.37011763114008,6969.8881652356695,1,0
82,80.49843369256314,103.6771679706301,37.531512320314626,97.59503458555754,8.68005206261659,12.489155444799106,4851.69577273005,1,2
81,121.92691354294843,93.76195267788015,36.29944141954085,93.30556696319844,14.973008841538721,12.93400408844188,7282.148780130889,1,1
70,60.769041172634374,162.30602972298786,37.337344012437654,97.00817770076652,14.805310445702856,14.155555399991703,6449.710923679662,2,0
58,103.54190355255321,126.69705075200062,36.742780185294066,100.0,8.0,13.299047155690205,8703.545943936993,0,1
49,78.52808456174077,88.16836570831175,37.36808256149371,96.46540887508185,22.226429654822063,10.74454762520651,9281.714321429998,1,2
47,87.87210737357644,119.56710424694185,36.32845164471567,98.21934910740069,16.523413848831556,10.860562148314813,9230.59548231845,0,1
59,59.149366984194245,104.03902484874656,36.89976705593853,94.86838171251826,21.761099358843392,11.107340599484655,7956.052006808265,4,0
58,61.7501059661962,128.4204207380341,37.97303564658644,96.93511359950632,16.668772302700972,10.113344749488972,8132.722468060065,4,0
50,97.46448840589271,159.08022833669634,37.76000299573033,91.95237163105615,16.622968947961834,12.901737422073651,9227.63661655513,4,0
25,76.19370724729568,153.78730445164234,38.083678040207346,97.51211195231636,21.456937795642094,12.852962281346699,7128.89347908001,0,2
85,76.05175316100197,124.7323068047862,36.615342379028206,99.10888503334338,14.825987662731984,10.648878640844327,7267.749131502139,1,0
78,93.95002469713023,104.01451728649263,37.28727732721935,91.49218558313841,17.999556234107104,13.181453307537959,11439.200489998537,0,0
63,85.78853295158464,114.41714472349828,36.980749821701295,100.0,18.072577535307637,11.799493149743682,11009.67430772732,4,2
86,95.39716366872025,135.43039270985088,35.22398823759218,98.50089469448233,11.292821342560945,10.592104095280316,6187.897395181695,3,0
72,85.08020723152326,105.4447419589442,37.43499944026354,94.67292504246934,10.431179219192913,15.533916482351398,8491.499323812479,4,1
42,105.15382731422469,103.8038833426573,36.273224861216995,98.81418312634507,14.880192857207565,11.927557322282237,12300.160514737398,2,1
45,95.0223442944354,106.53465226495086,37.10500768641845,91.39548439118512,20.641337244239036,11.44600834255429,8888.324076803192,0,2
38,79.14682288978254,112.45185825508351,36.02166934691332,99.55484535928282,27.783278203500018,13.60341388618734,4548.734429049634,1,2
41,67.21089140097867,149.31230019748557,36.98774487703216,93.69321941934363,17.987599480013188,11.231248581913754,15009.711913326722,2,0
43,80.38498946480289,155.80709618177266,35.42487303250563,94.96931783701832,23.76144947643151,13.93804479967846,10017.241923842073,0,2
57,91.00816382923264,162.4600159767263,38.754691136254586,98.49114454057904,15.189633088086516,12.633752947606649,10278.197318615526,3,0
35,58.58517309902121,93.84434003337569,37.09749488007602,95.45587189218097,17.505136381089557,12.898674927524612,4321.196586357056,2,0
57,103.32592918582691,125.0886817033015,37.089364730000014,97.6109209999439,16.671270475571646,10.186071655185142,4925.343857504895,0,2
88,85.17549147478542,90.67988466799174,36.593066392180646,97.41429534351103,18.034217068989125,13.764464537673797,8196.2344508151,3,0
60,62.81878049291856,140.95557265948773,36.18746247233045,92.8663867480354,11.976070458796439,12.808675435845855,9077.596522185437,4,0
34,112.71086925111854,134.3586700581177,36.9188846398141,94.55369839084123,18.426706838795738,11.035038220190769,12020.422264250912,2,0
50,88.52991248957638,101.97650408191791,37.032588152072435,95.96965422297981,14.526621991889808,10.34752210746239,7560.677857208192,3,1
36,89.331681044051,136.64775956785036,38.72425256950895,97.65659857606515,15.04505310665167,12.786568635397408,13931.39281514988,2,2
32,73.0741757556006,133.99168061130922,36.864962978384234,100.0,17.71903212351917,13.970993014035628,7096.744878922305,0,1
81,85.529143278519,122.28110774923876,36.84488350620058,100.0,25.748723203127287,11.967014025287591,9686.002856882656,4,2
61,73.82223275704078,152.90875926238667,37.122732182670184,97.7685177594682,8.0,13.189493490858798,4404.5988328465555,3,2
26,60.91805960182282,149.89862453911059,38.74702776186421,100.0,21.88151837085918,11.406380688263875,7308.175784548237,0,1
45,71.39243084754045,106.18720341959221,35.75517731035996,98.74018307031025,15.732906278580355,10.67608316686928,9463.494652353944,4,0
23,66.55033822208378,121.98151128409722,36.92850440600667,97.3276207582033,20.19564688309178,13.706874345356407,6641.715166426471,0,1
62,81.6281498999748,94.12304162101357,37.276186529179796,93.28714735394307,27.667293054479597,14.132784226680656,8505.417020049963,1,0
29,85.20554770996482,138.21090974631463,35.923734694399116,98.94804168702717,15.724777570636899,15.393085273321754,7304.151839209172,1,0
64,66.50252436298469,171.88244381451904,37.21321912281737,94.31284408043639,22.494598673899656,11.86258629972005,4721.3244287981615,1,1
72,60.17020342415164,70.0,36.724867158898824,94.6961473255881,23.195552620029584,8.999689067644056,5658.562097344162,0,0
50,72.4353790109207,118.56494599167438,36.63028811865702,97.89103004526349,17.94585850958451,10.724941032369783,8049.277386536241,0,1
25,74.55218513575244,127.26962529400797,37.906475624544804,97.35671255501155,25.663067931364616,12.820129114686205,10912.353682587069,3,2
28,58.35668078437874,80.07405767711327,36.18936622837329,97.3896580130319,17.42116440293608,14.878422380065482,9127.677942083983,4,2
32,101.58144617576689,93.52355506814368,35.9275321630184,95.88048004391212,22.464408370831467,13.272337102901004,6458.223507177758,1,2
69,105.24623555430918,122.72481774750803,36.36898245981948,100.0,16.828809511729006,11.941712730455148,12916.160062695686,3,0
47,75.52482259491795,99.05759711772268,36.83436411673045,89.72090615870934,22.992781144274286,11.381727164919306,9501.558141054664,2,0
29,94.56347343729982,143.28004451404715,37.30758369675194,98.88321848286047,23.613506038812034,13.859265060303493,6703.849298386016,1,2
24,88.26457319883875,111.26407417695,37.224170186029404,99.66823471049864,17.506829907841176,10.034034003361743,10899.664896560294,2,1
31,88.57839835169169,104.30974400529577,35.59550062137734,96.01006231382185,18.726893796322774,11.172624099569033,10627.854368157128,3,1
37,86.79766231697452,118.19994738493402,37.19836617468331,99.0637727637663,18.87223061795152,12.014996597154063,4144.592942827065,3,1
84,82.99009162731505,149.61571134738617,36.80014037086103,88.64436092045582,19.206173408707983,11.761093894037291,11475.744440099195,2,2
54,74.99326103856848,166.4966309128708,37.095056734928654,93.54047381299219,20.562349999193746,12.396833592154943,2955.9486740811253,2,0
79,91.57796129736275,117.54778121151935,35.81252407646484,92.71278205842009,18.54976914801043,12.387930327589459,14631.834033690851,2,2
65,89.3005068882166,133.45621106598568,36.72992501522678,97.28627067942314,17.000400468125818,15.189149581855382,7698.340617598927,2,2
40,50.4819752107353,117.55614487116755,36.44017925766985,93.69872303802542,20.586036398532833,11.554467835643793,9407.894906583864,0,2
20,90.54833155421844,121.23086934069883,35.97505707377065,98.82986827809795,19.66496554882258,12.28118356460809,2305.909795093935,4,1
22,74.49606576763746,103.72001189230265,37.38081713720757,95.94107076565712,12.486782680857704,11.341903525887924,8287.859221908702,2,2
74,95.54826915506993,115.49856110786908,36.98457594985519,93.83534688664331,27.381948299532745,10.222050532134299,13048.989919602876,0,0
49,88.4428814330557,114.40368258633629,37.24884050822996,95.92739325299911,14.977626297033126,13.682812498467605,8814.548700848443,3,0
23,85.20469563531164,137.84569768040302,37.380277609925216,93.12638254972721,22.473476810989737,11.87137056549973,10413.394375500531,4,1
30,86.80001931780036,130.34218494134853,37.186431724742334,98.90612299630237,24.9965757091577,13.14278847162543,8715.03166541937,0,0
53,75.09113402600244,99.83617659774622,36.378402434510065,97.54224662399437,10.68786090519872,14.305418642900257,8857.52075716363,0,0
22,84.57133297927591,104.74545063011026,35.91748900351871,100.0,18.08657845303776,17.41721856659483,9403.229949399312,0,2
61,92.80881888683447,144.28007074719832,35.702310255756686,97.95639437383574,18.626302376224523,12.659316084836895,5083.834401421624,3,2
54,54.393657572291936,85.75351570289301,38.15346911508457,91.97221554647545,24.060803769979945,9.914618559083287,6614.370703440243,0,2
68,63.532748207162754,124.095313236704,37.52503033497699,94.87010648994786,22.787159819472997,12.555151836918759,8828.384743111645,4,1
36,79.43842655975334,144.63346183815997,37.02278935784959,93.39668950166136,23.583852195143344,12.852015096581809,9552.171605438261,4,1
48,62.19236328978678,115.70462302179632,37.405444628952075,98.83736662209296,16.932450004573987,14.167996177919411,8504.1263533896,0,1
70,97.88543739113217,70.0,38.72942373515309,94.13258298450411,24.4969353530274,11.782579429056115,10849.7573710351,1,2
25,85.56124534730382,116.78181030677027,36.917036280332454,94.31267010208937,26.137264957472127,9.846471169970613,8036.095541605376,4,0
77,63.88383157203756,133.50089857385794,37.594805848742375,93.74024745380129,24.058137546791627,8.087014833797728,7011.533138808186,4,0
75,123.09390126617872,88.96210863790654,37.71109951526924,98.41036731127963,11.616626049128303,11.80976212745615,6076.440724481962,0,0
46,67.47318364307108,111.69297989930126,37.523262285134784,94.0519861935881,16.111657776492688,13.689933144040369,5900.718526194654,1,1
30,95.57029280752602,138.20700883477173,37.17271359298005,100.0,15.902031247466635,10.538914408688795,8244.22962410864,2,0
69,96.84634862180071,123.22339238344429,36.235380460615104,94.9096144682772,21.335268201789162,9.967138544236684,9488.632236861347,3,0
64,64.10612080918413,127.83859409795858,36.588885227544466,97.67710592723132,16.31122045031153,12.264405733431868,8331.191357801681,3,0
80,60.31603025318189,162.84053385943048,36.65283970904949,91.26969029615256,17.37499487939337,13.290426587907874,6257.848655842315,1,2
40,48.687363560519636,125.59881652095693,37.568182992279745,94.11062326451678,19.434371994251848,13.907775581798912,8195.167529806757,3,1
64,96.95851783425267,120.49094366934276,36.776752345757714,95.48785149703733,8.0,12.121957648750435,6969.191184753876,1,2
90,91.19119313139035,116.24003212013041,36.440936242574566,94.98517874750529,17.427818698353494,14.386841329683353,6749.4221176676565,4,2
39,69.90439621131861,106.52518972233048,37.07049651098264,98.05472347156477,22.111246452868606,15.800235904346946,8116.60915148672,4,1
29,105.86128139678769,159.30010390089478,37.3202958258393,99.01384046576206,9.559657500351788,9.837136720084114,4667.892686267331,1,2
90,74.25731309437506,115.69666187191305,37.298041452545455,97.54080807281476,19.264469837502478,9.103207706133823,12292.98443305899,3,0
42,91.50592621383905,102.9487567595388,37.4127855246566,96.41201789643326,18.442065206680155,13.569809029589498,6328.524875834993,1,2
31,85.70959741076227,134.87023159660274,36.55921655736259,90.91333284160807,21.679688683148512,13.606211162289013,4393.731764209762,4,2
62,53.855697266974204,96.63100738078936,35.78300666879095,98.73156414371061,21.89489756088917,15.808699704395167,6730.706241569038,1,0
85,94.79312396417795,169.16170240085992,35.618363332443614,94.22173063371413,27.77433531724261,10.735931812830014,8521.326335562728,2,0
89,45.0,111.01324516689206,38.131143479512524,100.0,12.685626713296665,10.531196631738986,8704.731169459803,1,2
41,67.11227249277057,138.4313433626496,37.642586057811485,97.0721785364672,11.052272238623157,8.71511590945002,9700.648935132933,3,1
64,105.5422054655434,122.6052124221572,36.75986369152128,98.79150931573044,18.885617588803953,14.351428330647169,5260.407758183559,3,1
24,99.12242994522637,167.4556331671198,37.96991406962148,95.86249809176891,22.34223502331239,7.38425236569354,10623.696363929566,2,2
44,83.44417667918228,144.74358074709153,37.13061182170607,88.45606009351377,16.14887983017829,10.255990916252788,8710.328571673062,3,0
30,81.65716648095267,127.26207857068702,36.107970568553625,100.0,18.90530634227545,9.647261064656604,6717.12294643219,2,1
82,59.36007484212385,139.77954082263793,37.1606453037556,92.65312150763211,22.41944682900082,13.340806670041163,7195.540920379853,4,2
62,93.61761788167401,152.08910049680958,36.495829288737255,95.01929068505538,21.052073129510283,12.701078967270675,7562.822822421337,1,2
89,84.43865469000313,138.9379169685814,37.00660401883336,94.71952793665692,16.67213943322501,9.142441206237178,6368.756893268171,3,0
62,83.78905567530761,113.30076823627195,36.407752981441696,90.96017799321243,19.126106102544572,9.857775400050254,8144.9116907292955,1,1
45,86.29700065027322,140.48476489778452,35.57902110239421,89.47316121832813,23.429799954685613,11.86158354981208,11591.041193657484,2,2
33,65.88809728918797,106.01723772807664,37.31196562198324,98.55408723720933,20.423694905199955,11.55473212297636,13509.478185888194,3,0
27,86.21194397585565,140.20612898381717,35.89300989134337,94.57823102747687,15.543857156630574,13.15646334688428,10010.406527354799,3,1
54,75.58545047781699,137.35939770403593,37.78481852043859,95.08375434469794,22.930127786113534,11.122985261792417,4045.252997413326,0,0
38,79.04071640571298,96.48227286623951,36.30198580358549,97.19563735124164,21.137408399701343,11.87400861887113,12394.880550606262,4,0
24,83.71192019248956,144.22386550938094,37.16194989145194,99.55176081535741,19.09714504939616,11.87982894077171,7313.519137373636,2,1
49,79.88439120254174,100.22480153569872,37.54957551366142,98.74286862301948,17.701862248061992,12.020889116518147,10108.866530976811,3,1
77,49.4571205245389,115.75498920500522,36.63496884767443,98.49859841877927,16.19051563209619,10.127470382537267,7527.0128318873885,3,1
77,69.23757620562372,86.2572598680342,35.2996911180717,98.10675993414773,22.126960317846496,13.372115764881643,7991.025417302055,4,2
51,91.52586774527114,106.92029632405342,35.731108486771205,93.85654348564705,12.145615595236444,14.66638640442343,4678.873310607194,0,2
24,91.6033631097182,111.74409675798317,36.19599646396556,94.97731023091657,19.879717861954425,14.362190393382782,6949.467427508318,3,1
90,94.46516212379585,159.33761348498058,36.5370679611941,97.37050179383616,22.96450664441901,13.859546573310068,6939.294404192991,1,1
31,56.78659957988195,107.91623539243315,36.924337625005116,96.6742108749859,16.56939465559959,10.762620309875297,7317.353394241515,4,0
37,85.13898313010628,147.13711751160815,36.24723149365807,96.63780050802576,19.534310080852205,16.510673580097947,7338.540620973174,2,2
48,73.74692368953998,117.82488923153792,35.77602244861848,98.01951801813574,16.476678038381785,15.948479273280306,6798.335918243037,1,1
45,56.20770753313741,134.8387000795271,36.89830937802001,100.0,15.585105937480389,14.067818751735114,11260.232925426402,0,0
73,84.69550068301461,101.56039386261924,37.40791062956106,95.27688696886379,18.178976295683743,13.937986714557765,8141.511911319344,0,2
51,87.06179166925318,126.693921622923,36.94346127428292,98.51698678816966,10.695417338200947,14.881117391413873,8246.240668510854,4,2
31,97.39373391720734,187.52063542024726,36.731360556296536,96.1935609905874,12.530598204473758,12.80079467148687,12035.991207610303,4,2
35,62.374891682018884,99.16224357672013,35.20428075318228,98.35630664936123,13.509603658015552,10.889778471503044,7803.6675195634525,3,2
49,63.79183684923521,150.74167156082805,36.69175301571649,97.86786162968521,25.5604194141647,12.53226184369687,8637.598307243492,4,2
40,70.79478058490051,190.21643217750642,36.31947087433067,91.54069397772174,17.092907795406205,14.945065325464173,6284.908283669685,3,2
29,81.00447051871804,135.07312310788964,36.783780178894474,94.53910319140893,27.68720732364353,9.35753900525764,9298.114204460308,3,1
21,75.6365860534226,76.81727435858417,36.56804468033085,97.11634104387439,17.968290596144776,14.620592947307978,11705.021551210868,2,1
45,69.16447979239773,137.45673488230568,37.839475759905106,94.21425615159193,20.050863534397074,14.468708074713254,5445.981790207383,2,1
18,56.484269253782855,143.1167557215826,35.24097507750109,99.68265548722319,22.69103629078024,13.956709825718999,13239.820061992632,4,2
35,67.39331941324275,163.4495382131489,37.223743389168966,97.72668574691099,17.37901749775259,14.467067987114035,7761.118987136261,0,1
89,108.51013171144561,145.63204801496394,37.02543438004151,96.74516575727897,16.437398550232153,15.986793131250694,9881.787690610909,1,1
76,104.26434943794644,134.5746435196636,36.17232704191338,98.41626940731929,19.879904114780107,13.583059040560842,5968.582541224183,1,0
24,52.13706088270996,124.69998351074804,35.93899290309785,95.77325877706092,17.396445359315916,11.372502359726633,13805.736178567708,2,1
76,62.46157599359217,172.21260762990167,37.24628761655468,95.04591193828588,12.128977945280255,11.96927977503954,12035.547911333582,4,1
44,98.85840877521268,149.44870832594427,35.84991728908086,96.07404882725287,15.466047135292241,11.717756050298123,6642.452177498504,2,1
85,98.96756175016841,112.97194181760328,35.89189916647971,97.33369627816577,24.80411337989287,12.1844919407066,11154.146165274731,1,2
22,89.17673226041101,165.5416254984736,36.954328682363645,95.1202966148759,18.972265894280515,13.158035405443183,4615.542532114279,2,1
73,58.616274613080805,103.27223667227025,36.16396418274441,95.84468576893603,25.334405290120596,13.641367079470209,8381.258916950686,2,0
62,51.28617585999207,166.0685426929073,37.53792755526188,96.12501510276303,20.114218553481862,14.948749119523173,9371.937670466396,2,2
47,85.84778591445203,159.72730500134887,37.05474695587876,92.42568048507309,19.97221186884574,10.639887723518473,5965.589860786882,0,0
72,116.29407377181278,123.30437472300754,36.56176732569205,93.32514110746658,20.473160627163665,11.569123894263019,6056.877247050191,0,2
81,67.67201867225809,144.56025231822977,35.818603838809246,92.08993836410392,20.328470187819512,8.259192514380384,8948.885712307085,1,2
22,89.16693810710069,141.79039908975548,36.780952467654686,99.24316635327271,10.99856934248089,15.875828672764737,10572.295247093542,4,2
41,70.55682156102074,93.81077650127077,37.87634366492253,95.8395489525942,27.32945478929263,13.114118437944843,7377.221143247064,0,2
65,95.61113967379687,134.28211368217902,37.02789630519834,97.07055551854079,24.31263709716118,11.768369937247693,12549.04220655766,2,0
46,103.94023460638174,120.49554550821821,36.67397610976196,93.03625136111268,11.045506952882102,11.913584520273568,7579.602317420199,4,1
54,96.60718805363702,145.2280209583502,35.7661329787686,94.20273974566352,13.908214948840147,10.978906245618813,8514.939443174984,4,0
62,101.21176351113752,135.5323472374793,37.2536117698208,99.22745652837395,13.418684245484688,11.84680887864334,8607.79868166612,3,1
60,79.69706995225695,116.57957432105793,36.98320854164365,97.07414418545115,22.785116996589387,13.917420881431532,9776.805664809965,2,2
37,81.66804295480354,146.91631451417072,37.59147057570137,99.58722707671362,19.20625694960097,14.498081762537263,6078.869226190828,3,2
49,75.3252980762332,81.94726185055391,37.861115738266854,94.17461980817778,19.888959108975303,11.160343781876502,10463.340961402942,3,2
88,89.4278114408443,129.0330519843175,37.7143710346629,93.58933720700864,15.881256213727088,11.213711581566454,7339.223706104161,1,2
69,62.12530780397177,99.3042429377764,37.749173126375815,100.0,21.78213838801119,13.953357657646164,4579.096417828576,0,1
88,95.27462846220118,124.17700118239154,36.135061108584786,93.23657832737965,17.259794946959797,12.782192220474965,6171.726972519993,4,1
72,99.65021095913181,153.72512075731342,36.29560004359427,100.0,13.752650966614233,9.487506119835105,5702.7529678736155,1,1
41,94.96767137912434,95.32621216879987,36.66254898345391,93.6807742319037,16.237226470287045,11.674250314800705,7086.604930454324,3,2
67,93.43668513360888,115.68705299114885,34.901380709970816,100.0,15.286767391390992,9.100786912665553,7479.233118910575,0,1
22,69.68849725788694,140.77980116813626,36.55396442970199,95.75687917390519,13.253490122306719,13.115533494210323,6235.205569612585,1,0
38,75.26408738802701,70.0,38.19573967793637,97.23881518559075,16.854610556558757,14.422682589591055,6529.088192753787,3,0
65,52.21676126322713,113.17075363105897,38.404442807882646,94.74252187621832,14.228561891805168,13.692289235788184,3770.497260628414,2,2
21,55.41752874746119,131.70456903613828,37.34862799750291,97.11044878794736,15.22369985478171,14.496007373527169,8302.562651446144,2,0
39,74.70347563809803,143.57710961409907,37.131081696913576,91.64591082276958,12.749615769809399,11.567070030736977,9181.814842758471,1,0
27,88.93419275258,139.32183860820868,37.26974853469769,98.50793127665615,17.0786493400567,14.465714061484494,10843.342044980895,3,0
44,86.19588828862851,123.45519093970813,37.10787362562977,97.16727541104068,21.59118185524933,10.821408337983932,7919.908147055551,0,2
73,75.44107573886961,102.11567964751727,37.09235190791795,96.95576500266668,8.0,14.13826352319677,1500.0,4,0
77,108.95442178688562,122.67885997094479,36.24297622578708,96.6836401246354,26.543241132082404,13.13278626033117,9458.094054052355,3,0
55,120.12457841917654,137.99969106820876,37.35538827251398,91.19892714827142,16.97261610306059,13.07652330762835,8415.287326182002,2,1
65,59.101681660116846,129.20511583912534,37.95899474551894,95.92235921978609,16.699269748192883,13.723291164282347,8922.60131461843,0,1
46,85.43031549551237,122.56581872449266,38.33397429749171,94.99056374408059,18.004207884150244,13.889176251062413,6844.197741106521,1,2
53,71.1570865470461,174.59742863770833,36.953492301052044,89.05197936552645,23.242630036101527,13.262356884905667,6899.497777681563,1,1
46,81.44662568756881,112.35544449097219,36.54499013436436,95.278063866995,24.9134336681274,14.439088150999396,7315.459383133915,4,2
57,114.96212721892783,119.52032902437901,37.525501865344964,93.91823535676097,17.667175482057722,15.6781830499932,7361.642657413879,4,2
74,73.95054555813398,137.08426000629163,36.2444456536908,93.75220921687452,10.944237480647924,13.422733181644276,12826.54817686345,1,0
85,65.5985578768549,149.17343224466728,36.26897894919543,98.75908417101007,10.183721181954486,16.085332037831336,7893.280691475591,0,0
19,110.48424724808052,109.56911243353133,36.7420444147966,95.19737279750201,8.100997531628876,13.319559298178568,4428.793900516823,3,1
23,71.05755875820276,117.7200192989346,37.052690199540244,90.79942740391522,12.95054781377096,16.36543758463938,5321.343289084155,1,1
81,64.41276373396545,130.038768440307,35.753949105551634,94.20363154598611,21.344224909665673,12.484796808162008,8679.901758158445,4,2
24,86.09980235931496,139.58121931348992,36.634723795135436,100.0,22.991287933901308,12.25116629421115,6701.037308426943,1,1
65,83.65848823789084,129.41232303426398,35.50782357344465,91.60318623515668,18.99920327764266,12.966582602675476,5053.989342067358,4,2
52,59.927329899139885,165.05784633208003,36.19569829974919,93.02451453904804,16.04620241507473,11.550386105460639,8052.836128397803,3,1
77,78.4316210697024,107.17692835564165,36.92630415804193,98.40025754531769,22.370477085805412,8.76341938927288,3587.681145354607,0,0
54,74.80587060679466,143.30448982719616,36.97305003536778,95.81195848608577,13.97774708440754,10.184193245409974,5150.43940043353,4,0
52,87.23446401908603,150.4407640789876,37.004964977952234,89.16270173956191,19.184693233328847,12.343647194243303,8151.119624352006,4,0
50,67.33209537018841,145.1634797131067,37.598970937365344,91.56216133969514,20.625181255558545,8.693449382348124,10608.920980813537,0,2
25,92.03656780525492,139.10362913708332,37.53902714345755,91.20855361678979,23.392607951811595,11.000893272265717,4296.536221723616,3,0
34,119.14483559521014,161.72227067389835,38.071512336851555,93.86506233863014,13.683825763168034,14.325716838303489,8986.100015149761,4,1
86,95.64438374780416,140.71936354576698,35.75165474779383,93.77040765755342,12.357464039511306,11.03261452724993,7557.357169842871,4,2
38,98.58390574623648,143.55461067976364,37.127009429362445,97.72933173332474,16.90931132127813,12.218337729102705,12831.027904830818,4,1
89,62.36514300952094,127.74317948466886,35.75305372650073,95.3666116173784,22.29087184169801,9.067128837221606,7151.646551716904,0,2
30,97.27039255741266,119.42980241937273,36.19576834278702,94.10103685832638,15.435513574071864,9.77442077403235,9772.977326514894,0,0
72,114.2901869004968,99.66553554215585,38.69339904822738,99.15098422908719,10.916961958404396,11.237475981622643,9519.831997017469,0,0
63,116.49014856416744,108.14368708436285,37.04626729788216,98.40424073920423,10.891192051356894,12.159113456000922,9706.975790026157,0,2
37,103.61725380215171,158.77020604963212,38.73850764705353,94.34507657935994,13.15822981175652,10.988287262670314,7830.096884166006,1,1
24,71.36736883141465,101.90528246907756,36.503147193883116,97.25077845317116,10.445601661546286,16.06342661959124,11472.973347570743,4,2
39,97.60025635506926,149.0245442470473,37.75874330083816,99.21983987090732,19.922599070815828,13.436761799261234,6230.24563359013,4,2
83,111.561387846468,81.25257009721687,37.993864377000456,92.29198134869988,25.60855917495416,15.181103752313229,1996.767800922109,4,0
33,76.16764515492011,107.54713211934074,36.34968255673062,96.53697366338768,20.934130774473083,13.84160912262337,4281.286279996295,3,1
27,100.2735423319847,133.37962517053302,35.82919350658981,98.3950377071749,16.843028344558398,10.42540004758872,8515.529185982334,0,0
44,65.30256223126328,146.84083680885425,39.13115275054187,93.97565243086267,23.87036103348513,14.988937072196736,9700.371197453089,4,1
60,71.30651150177955,171.4364467615265,37.063930881785225,100.0,22.519195802721672,16.080425280615874,7631.037490671053,3,2
24,58.484545166313055,89.65645471499307,37.8568355902089,100.0,22.194791933468643,12.7125876842647,10314.709341612717,2,0
37,90.78053612134907,108.8742616837039,37.494294390287216,91.81447109826453,15.52191262227621,13.973915265721512,7340.632125013482,1,0
84,72.8642771860383,119.25606702160245,36.11696082422065,95.94389330760063,25.93898845848615,13.248932652151849,8537.14457005431,4,1
43,83.23009838461876,133.45506658842808,36.783542902618386,97.429196229469,19.045918572119813,12.651418389236378,9712.983404130258,4,2
25,77.50824120087806,105.25436216250641,37.97465947573435,94.72042453090502,13.243116671206572,9.791813010687607,7972.359352171759,0,1
89,89.34563037786077,112.76021535324652,37.37691464240699,91.66887228456403,17.145134655663853,13.23968437326637,8313.980857498687,2,2
40,72.94740727134807,113.00163516293345,37.24747434600831,99.0748584215496,9.047335168282263,8.593028057799376,11288.309509473933,1,1
33,72.74498010610982,105.95714841373933,37.28944096967436,94.63070893992045,27.268516325792483,12.383689541777803,6917.53461071192,4,0
84,90.63200314236933,91.80725339874573,36.111067408966846,94.55571476744882,18.23993145479703,11.210913497395548,4741.341055369774,0,1
88,93.41617934584947,113.99591735899737,37.06906522145136,93.53467926203525,22.105326414902954,11.850602428521725,7344.417335687715,1,2
72,102.05992183826801,119.61774378219403,37.43646364493942,96.24103849013437,27.969551410124566,9.742217333799351,8799.12666775077,1,1
61,78.55174458040794,134.73390592861907,35.93386276069019,100.0,11.72228071026951,13.257761623207536,6661.326880100584,3,0
39,73.71080089849106,115.25664298575525,36.81649440505171,92.50434554241488,21.970484415084904,15.790478007206866,4698.916512185145,3,2
78,64.22111876330348,132.21761145027926,37.384645212039885,97.12753588613931,21.271056225345237,15.522678561416019,9208.846487241257,4,0
29,87.88486167389209,112.25091315921605,37.82027371839713,91.72938569537962,12.50765035272195,11.785561760023985,9154.57125464558,4,0
48,59.75135329284272,135.4286081593435,37.24503679888049,95.9538399091843,18.056620509532443,12.402514312112864,4446.775521240219,1,2
35,78.9827894730376,114.13747859972945,36.573595887064975,92.04729094885117,8.0,11.995401623622506,9465.176765087643,2,1
70,58.83565374943447,160.5233472303574,37.226055396159246,93.58096210189674,26.081631526019507,14.499132517592322,5273.338606560363,1,0
73,80.78821785795861,156.81459258990333,36.11920376841959,92.48153049318613,24.06392379461124,11.429519736925686,13145.730116405713,3,0
36,50.32584952607095,73.2877929537825,37.82400394572436,94.86468167515835,9.552200898776587,10.662311196654219,3056.6851866824272,4,0
32,108.18622695528661,102.86073658448927,38.19745544250595,94.61489360291523,20.577170931026814,15.174278909821211,11034.549459948692,2,2
39,97.2631042719516,146.1373256336666,37.87646860873989,98.02794665430615,21.42855085533289,13.30172580046288,8256.613904717347,4,1
54,84.87383626219925,128.9970206880226,36.275946461322846,97.33316163248799,20.650168341369195,10.486363652709077,7199.541858153197,1,0
22,87.42881212651464,116.66844325672851,35.75222128429873,93.60185782491868,17.969885418936293,12.106771558535229,7555.210973501667,4,1
32,93.44625078591429,150.32100210800647,35.707690620669474,92.9936953654951,16.258482991919056,13.55878786221911,7574.8065895377,2,1
88,75.17019750171987,159.72159029312002,36.91904690974932,93.87272035552778,15.177958856788672,12.22522412786108,11830.956984078688,4,0
52,76.67862868157255,151.15267627283833,37.94756831951358,91.77420589116042,18.778035332168155,11.003782531020624,11365.48943698861,0,2
75,77.03137178471275,93.03802741059347,38.394558432778105,92.18344676749436,24.918857149695484,15.548486335575294,10698.79565558991,1,1
75,57.293524020411446,130.44433358585644,37.04079757348941,93.19286389772259,18.287577899203622,14.816266110591444,10854.968258604935,4,1
50,109.34478828894571,107.66443816941322,38.27729187481401,94.9076835124681,15.571804574248855,13.498178785857986,11492.195769321903,4,2
68,96.38468207787909,151.87482130077638,35.96836181977265,100.0,16.850413327417574,10.946089195296613,7213.048997049279,2,2
43,67.42351022483768,172.76720182972588,36.44809819036176,98.75165861679824,17.27506756852759,13.099022609514474,11291.089595118974,1,0
25,79.68856539634011,93.03503744532537,36.287884677431656,94.7655662728231,18.26272708775697,12.524284980498985,4953.658095160915,1,1
67,82.22669526851905,99.38100428661265,37.50928563458059,91.75554911688762,15.752574585255738,10.11854896054188,7779.681675045599,3,2
68,49.51688112578512,194.48490735611654,36.777888505904166,94.43209291621169,24.253480522564704,8.462920848334075,6370.430734549325,4,0
47,94.48317501103936,167.61792713159184,35.90074927045595,93.40301472048834,29.16570766898402,14.970736499716454,7262.84631009694,4,0
27,84.05704721757927,155.22651788604415,37.536249083422035,93.47183669867312,17.63537016731222,11.566785392972937,8682.996077851527,1,2
31,95.506704689591,123.95023437689947,37.491510307209076,100.0,9.268286347972374,15.630219376698985,7442.545848385597,4,0
60,82.0417306224959,181.42861143098602,36.21370202158416,96.67404458812365,24.670197189825387,8.590555510920389,9391.29664603146,2,0
81,63.767079964890755,82.00295124782812,36.6093872360363,94.61806769307454,13.90323065366981,16.650795593791,6673.856461354337,2,2
76,72.53216926434395,112.37056325498233,36.36349015031137,94.810992988995,20.382673699840833,10.27323482359321,3613.3351327282753,0,2
49,120.56115551067703,134.7636134778709,37.03950936985026,92.32621338393947,18.60044238487987,10.443698238378218,7148.934086188268,2,0
46,90.02430766790621,161.89268273047117,35.27268007140112,95.12572958356084,22.253946418021364,13.377771885353711,10299.245692152295,4,1
52,70.47676546655713,128.9741942312259,36.382575949816825,99.92675862376957,27.594479969838037,15.333203029506565,5265.92124111956,1,2
21,92.0829679797604,120.6516177959997,35.16446623961177,91.15361347732595,10.663004098108395,9.08079464350279,8992.614588901532,4,2
61,68.23169883098805,136.70905774124734,37.4784637109912,94.39151996399659,16.852742608798305,12.059068819095419,6420.401142568345,1,2
47,71.00120696128218,178.7468092078065,36.56939242403762,100.0,21.886855747176988,10.348284564653477,6571.308823624957,2,1
63,75.05539041618171,83.42967704617584,37.09996844396088,95.9314778313162,18.92157041514728,10.571406788820092,5956.744901399652,1,2
40,115.02386346235782,157.45817121486635,36.61203778372962,97.67583154431976,23.70509780463498,8.94929557348335,9659.204450792153,3,0
35,87.27846843391677,114.08403280318053,37.128201286019944,97.34734008064919,12.993113272073588,11.379261984214269,6569.896068947143,2,0
68,93.67170650765519,138.01656426066427,35.32177113247423,99.44945404921056,22.85648003462346,11.676348485596387,6782.225829123313,4,2
29,97.63166211661408,107.10792741547276,36.79574851409797,96.78762904526879,13.84444661551274,13.40955114596,7809.9567234470705,2,0
49,74.29625116292111,180.21339751146763,39.2440555541625,95.94155505143061,25.10374916760462,13.304932244314529,7324.012178796769,2,0
67,87.8240971440629,139.0256900079824,34.95040074149385,93.38928906757938,21.91072501881681,16.06407246217881,5909.220872046227,1,2
78,72.87666976883534,101.95628810272709,38.36579053407453,93.87835687964062,20.374464119576608,10.190875743940195,8386.159731002432,1,2
37,75.81531827755859,141.45422539206146,36.72125070744557,97.48234633970162,16.82556372903882,12.827545878226184,11119.111654330623,1,0
37,78.36309463641184,142.9829133408344,37.885831786063406,96.39774044362343,25.629839739506302,13.639411604057477,7054.056333118858,3,1
63,121.13990486224702,145.7677590349702,36.4577242670113,95.94255796332305,18.66613477587334,8.515033949341802,8349.968691913587,2,1
26,73.22294387068747,145.38193469447188,34.82763391358285,96.18710257981535,14.4346258651903,12.528612776442301,7792.834654190604,2,0
30,91.68656497448961,125.2929038033246,38.639477753872335,100.0,16.51211410113452,12.169468186353361,9359.930285516914,2,1
60,86.31888850497833,118.19060136186798,35.34253730365846,95.7363601396692,20.754565329065525,12.606068522530167,1500.0,1,1
59,78.33149700700686,135.0294694899658,36.91139061793182,96.21160252653469,14.524532859225555,14.998420292602013,11335.905275066016,1,1
59,113.45196459996976,106.1521301780256,36.418167056738014,94.57391035658252,20.43719188935111,8.22252758047856,6618.620413731299,4,1
47,48.28514592477804,142.94117906277293,37.50160262662543,95.12646439332995,13.48134917381083,15.010298919572943,6317.2647512804815,0,0
27,103.06955896594748,121.70863795245653,36.94164837325747,94.95923472883358,15.563608292011837,11.412067136083687,11878.234523455281,2,0
86,99.563409390402,119.74395434334978,37.72340324367786,99.44768440705222,11.882971912119562,9.343881175920401,6122.71118046499,4,1
30,101.26670471355507,85.40655465165153,36.761903930707405,98.28463537341725,8.06918782621113,12.00832529469514,6488.359373160822,4,2
61,77.75684638404967,113.83233356862496,35.792876754712836,97.32796052229884,11.930462676838046,8.75382548586563,8266.351569768112,2,1
86,107.03844737322753,130.47108798067032,35.79999912136166,99.30573066569094,17.272575214220147,9.717617978268791,7467.701048041125,0,1
79,89.45562735838416,145.08970704402424,37.69974194980465,95.94201014586386,16.52004079333499,11.412165948534067,3281.5425014025386,3,0
72,86.37558134809083,127.05944430541624,35.91113784765211,95.7241996692133,19.619003770281314,12.971939845061017,7059.255820705259,3,2
65,108.17484111832991,163.04008038056196,36.614376602527415,93.23239591854463,19.33781364425887,13.96298110914912,6419.964658425724,3,0
82,128.2398881056528,100.72300003932753,37.202351463818395,93.74505570503355,24.961910471823067,11.279580069753624,8627.825984131074,2,2
89,85.16895547970796,110.65238329388913,37.718193548723654,97.79898800113692,13.629028382927226,9.455589028417284,6867.909555560554,1,0
34,113.86038639732952,137.49556541945856,36.07559381172935,94.27062285119635,17.676002397298294,12.598255564908818,8590.401316646885,4,1
36,76.67312033629274,132.87340541482706,39.203673179298356,96.01489218489446,24.507392656071957,10.466400231115266,9066.585557383973,2,2
33,74.75805132158624,109.9562723279924,37.17877640577213,93.70537980159457,16.69556985385042,14.920321447350641,6577.129870906327,3,1
32,85.11439733312842,119.98947647239855,36.78910896479377,100.0,15.080618179925384,13.378867608656927,8402.39512524652,4,0
33,99.1897968406017,118.29950516261596,35.627462977328015,94.91872069425901,27.93925465513103,11.550824684398162,4657.754021251929,3,2
30,86.0517166665669,146.96084660151698,37.615872176884416,92.74112285732257,15.194335005715804,13.100943942369499,9744.57870891078,1,2
81,53.10233438885907,138.3629163232703,37.207852131905874,100.0,22.782038255021263,13.902971400946319,11733.640728243028,3,0
71,59.549103661059256,133.1580242778082,37.70902827130865,94.34019173491978,26.089389144109163,14.877653892208963,3835.0003257157446,1,0
32,114.97150903717827,135.63058860238988,37.18947522087899,99.99570027318423,29.191686272561213,11.440999545280594,9501.751262868098,1,0
87,85.89872333930909,100.19496327964708,37.52823634312277,98.73110610311117,8.21299241289126,15.441970288231897,3099.623411298344,0,0
18,82.30818244831391,117.07997225872937,37.114314597745775,92.87862596101736,21.501120339144578,9.798153114518943,8211.050832196044,2,2
57,111.56563652533275,124.8395015780142,37.37092187698415,94.27447058109142,23.303358754679337,12.123422053925758,3930.514140923772,0,1
60,108.16055760640359,123.40859994355476,37.339916006862225,94.08688069263658,26.101005183483032,12.078621379666394,6140.8535104416815,4,2
40,84.75029978708491,83.2319445656706,37.05355093819919,97.04480406163862,14.970075903583599,12.79293283812775,11304.006817007574,1,0
80,80.98360038840721,124.61845080899644,38.359857038541435,95.83291739938811,11.311355317786028,12.50412033973115,7619.629756053696,1,0
47,99.2197257328505,88.16832805643705,37.161074226747814,95.82423301310074,12.88623283862257,15.98174298584934,9737.376305225676,2,0
40,52.46803073246121,146.18792063599963,37.0470268317428,99.33956192711486,24.206514652686757,11.375537598835367,8819.408016573154,3,0
65,88.58631168688811,103.53294770496653,37.77081561031804,94.51449649876815,20.856231967847208,11.134120363178612,11143.337275548014,3,2
30,52.000966283779064,116.78005003030566,36.95332440770739,96.690104579742,16.5655667338467,11.444052637436162,8009.543757540984,1,2
89,45.0,147.44584091403175,36.764388697826725,100.0,11.47025506879216,10.533139500001687,5877.862223251846,0,1
85,60.60249800730905,103.70456967588254,35.21983352441855,99.08196655075238,24.805984488308894,9.99367538777445,7852.26262395851,1,0
49,102.13761851210832,121.24430380704726,37.178969476092895,99.62397016048789,17.296045688392798,12.99489402334466,5470.40291094155,1,1
89,72.20415471181165,103.82655928014621,36.96315064037034,97.48217696102195,21.681544583990455,13.50585244807278,8196.909061433915,0,1
78,78.05857942315774,122.51521199466062,37.32580588146763,97.23067200721204,12.076118516720125,9.988219327608057,11559.788526971763,2,1
37,103.8913894243386,93.4538751654137,36.088726883021536,91.24030976903707,23.005723440230454,9.67769389798015,5884.538911143368,2,2
47,90.14162895908312,121.73573990413544,36.22134971896328,91.76722313429758,15.246958513033647,9.615444389761537,11127.331871847611,2,0
45,90.13110248951438,145.83707214483314,37.44338945279429,99.25203611959435,14.80873399581167,13.453837251485936,8932.937050129407,3,1
37,85.8097321335053,112.74979114071144,37.60759282777863,95.2907932203299,17.032285840725116,14.873648602067693,8179.43674139219,1,0
41,113.05239183471657,146.46013904167808,37.123090627801965,94.60853444300577,15.19454512192915,8.585639655249082,5790.6740958223,0,0
80,92.15441952404284,169.2633876934064,36.259796311433185,95.45013940038406,28.851791256260952,10.514026852562903,10129.599437933852,3,0
76,59.021206416164716,120.38458152817304,37.58917129349567,97.9405687191743,18.003621930922762,12.417811381929111,9368.456580810658,2,0
87,73.80316483298175,171.77096296752876,37.972697879372255,90.48475888928438,13.032182027315914,13.275497900486853,7668.997102591116,3,0
22,89.93620975709084,103.89095779605846,36.97893812656674,98.05828231613222,14.748228790239144,8.662302077009258,7449.998664728577,2,1
59,86.01990175276678,103.96331517132502,37.04052046967855,96.21700477382481,9.240657559081734,6.93519113675242,5446.889457905578,2,2
82,130.63056636118722,144.41178526496518,35.823153360128664,96.24538854725076,15.317665833168446,16.471240321608,8132.222109123339,1,0
72,92.0954879127776,114.45457033036325,36.48761300596722,91.20125420894988,16.245149274976935,14.115256549691182,6090.079141836158,4,1
69,79.06724709489319,153.64071002606195,37.00591118864006,96.64239197743215,11.354088030548404,12.978620805944745,5506.2356133836165,1,2
25,52.25196303155599,132.70950409859094,37.97660836745318,93.00982324588867,22.470937130959108,12.804888855780225,9131.460890446057,3,1
81,81.05864766459861,121.99003823199776,38.00088793272604,95.98884693494823,19.943114253443365,9.653295629924637,8285.61930037654,0,2
30,74.42983097467713,116.31218962369618,37.92747922804446,99.61575237485515,25.251503002203503,13.026009270553839,5568.604945555424,4,2
58,62.531326829513745,128.89034353012974,38.656821733071666,97.0597979604819,16.173193356194247,12.03500875958601,5584.716799383208,1,2
54,77.32515315014895,87.79468778633881,38.36689236889675,100.0,14.322156887052936,10.95035429604667,9804.153136939522,4,2
70,94.66792089355053,162.9092676477182,36.08138129388929,92.86377740098173,11.648960560433288,13.42550444739199,3795.131947293659,3,1
49,79.62355708742324,105.01475191064776,38.20052717623816,93.572334928645,15.150489511204643,13.854603665007977,9072.057592419093,1,2
55,68.95429933917232,83.6633225411473,36.47858342401469,92.98966051036322,17.794835062024926,10.637264919029137,7227.335780297635,3,2
61,64.3149291401806,119.49183848133342,36.227939884359465,99.42830034021313,9.569983287372114,14.541024129805134,8480.735144723709,0,2
36,62.74008141527595,135.91119179052623,38.08837882199825,100.0,15.126636228065683,9.391528256679539,8764.69000935799,2,0
24,83.31135815320762,124.83351447762433,37.17025927181113,93.14843219259042,16.860030751095568,13.448592718359178,6510.343503131737,4,0
75,67.32693145641856,92.96358010064097,36.76167038199853,93.75236878453947,20.34837558145452,13.747398811725526,5648.39299935937,1,1
28,104.93013311722675,140.15263433976696,35.30616748514454,96.09971377270195,8.0,13.540469395617983,5924.785403842048,0,0
83,103.46678223800907,140.81676708717492,36.60028206253131,95.37953443372551,20.359174123953434,13.520687531918789,3054.5905615395495,1,0
88,111.67457259157813,119.45119178713189,37.46451057142038,97.69157263489124,28.80884318742652,13.396309201525487,6948.831366668323,0,2
35,95.73168158822065,106.06000548443052,35.85794042878889,95.09487889585198,18.663087892223853,18.60226268058631,5721.4972379550145,0,0
27,120.30528206701203,132.04003436103056,37.444670574647034,99.75070118527918,17.45826799159595,9.385922153391647,4229.845084678784,1,1
25,80.34216908285839,164.67760149305892,35.98305815950085,98.14612236420675,26.422022692618253,12.943586694440347,7527.290871254295,2,1
35,72.78682750806551,133.30273488701548,37.40490804240713,95.55409110923563,17.70296448002707,11.706866299172095,13249.278809987445,2,2
59,94.35609197445892,132.0662223619515,37.86242569860399,92.4731783477444,27.598205040662656,14.695981292001282,8153.036438472786,0,2
65,66.37094894735105,124.24704394190113,36.12553549121059,95.51303051372835,16.920769499879142,12.100328637557208,6271.409996138369,0,0
80,109.10805400262778,162.64425400868453,35.39038131373598,100.0,16.22966313098435,13.545313150255694,6677.102392219252,1,2
47,55.04068400758635,124.49730994759182,37.03386135301476,90.56165202077314,19.264993727697163,12.666954745056104,11511.545006580747,3,1
61,118.87079411913001,117.48906035603102,36.40356441789881,91.61616801445147,21.616205191376444,12.889444104074837,6810.144530961173,2,1
32,85.63054799974557,104.91625517738908,37.801080657848914,94.3254815642966,27.071885387267535,8.316009999133744,1500.0,1,0
50,75.8184196888354,155.61889242964895,36.0103039882151,98.49866220509361,21.73154310199778,15.593665378787378,11206.398982984025,2,1
71,80.76093665198363,173.37771784802317,37.467848383532164,96.62193853342964,15.496202221230249,12.874221084241615,8227.226535512245,2,1
31,68.64803669037971,115.63575461138986,37.126108045484735,95.94810507750253,22.07145455370168,11.899600634622088,6289.481037949001,2,1
19,80.41571205116954,130.27244914285876,36.198654311540686,99.18263026533715,13.736252734879853,11.028060733020881,10781.10016322478,3,0
58,113.7923380242398,163.3832498367272,37.74985861184769,93.47958390638337,24.34389596865235,12.662939012632405,4923.922895066929,3,2
29,99.59632253308436,97.59031382108162,37.66185007844392,93.34259615743878,15.175406187518544,11.374547076785095,8861.033190350396,0,0
30,101.24325489629462,91.31461964018517,36.318057458071856,94.07371109215688,21.737085746346306,9.235736526448209,6263.470863343336,4,1
52,86.96228788602782,91.27823228374498,38.32967559341634,92.06858072207446,21.09679903726415,14.50563783264447,7848.864625116671,2,1
27,75.72146355517549,149.44483733044345,36.56264326435214,98.23264597869876,11.77793337867252,11.77945328325067,4338.702721135787,1,0
35,81.53232512212074,158.1776598019962,37.563325858190986,94.97047691207158,18.569258890896272,12.52314632723602,4159.6915544730155,1,2
78,90.07026537256829,136.69497756778398,36.93278902328032,98.37386389906946,18.653284317334013,11.734897809708078,8075.829156839483,0,1
43,94.18677985967469,107.3996498760817,36.71573189049466,92.28606244550839,20.104289347564144,13.001713158917754,9660.829882173919,0,1
45,51.704863679084895,153.7877909135755,37.859592349462986,95.29466784229567,16.14740332951957,12.697362892858942,8252.075714665854,0,0
62,68.2793132874708,105.63289381658565,36.503819142210425,98.62437160948846,19.29580092048251,12.077291956619796,7389.637935413408,2,2
63,73.19229877274236,83.90326643202499,37.84381672310692,98.02021720133965,21.227926770565375,11.908483794838286,8112.757134143019,4,1
38,80.21618301029474,130.80652637114557,37.8284657630381,93.04146507688219,23.362103878087524,11.076256811428745,3210.838283788258,1,0
48,62.84908319639352,73.46612334717966,37.18318874519468,96.6031233562666,12.273501791400644,10.146476982076859,11516.775869737114,4,1
35,85.54733845031753,126.71498161124437,36.17547501231373,93.04803548662524,21.54510598898077,10.244924833631316,4158.376029054243,0,2
29,76.80258239843381,159.41587950984294,36.729674056162246,99.61507012396807,26.00817056732036,15.729516205859728,10080.389747646366,4,1
39,88.98708139852661,146.32882180938594,35.79768689638987,97.63921141878598,18.96104349082855,10.234823611595317,5087.474270305778,2,1
73,127.14788576609436,126.51782263357838,38.11009079393225,90.95550299999877,19.63567341042398,12.669541047213631,6871.1690324471865,2,2
31,72.30353654590404,176.72747772383997,36.80555657367676,94.67804990254747,16.591225212079884,11.552643771357099,8952.98938844616,4,1
44,71.70395579515908,105.29455930965008,37.14844595026371,100.0,19.068758163152687,10.055563518703098,2551.207725235411,1,0
84,84.95925482197829,125.62162256898316,38.20886737003457,95.10262788105901,14.53910134654622,11.845937787545987,7881.671414583804,1,0
61,73.85101366087618,118.42027484811129,37.533788045067915,95.60661810387319,17.01915652939232,13.494615992404455,8237.228242678853,1,0
64,85.70217136746184,138.5944678384962,37.16019687802493,96.86177099656003,19.153408953727823,14.760133852029261,6172.989308606391,2,0
89,72.24399702752446,140.24378706536513,35.96906189185263,95.13046926403011,22.901426990564943,11.506123164035149,10672.220805966594,3,1
81,90.65106770249746,110.63675853306691,37.88129970138369,98.60080951546875,19.608224201085658,12.776667395588088,9337.267431435932,4,0
89,74.60783933501803,115.14784574859837,35.90203909557427,93.37090183343969,14.306486677319974,10.552530862941628,7464.523440502682,0,0
53,88.21408351562623,110.09378697286185,36.92572141951172,93.16275792414393,16.359277779701344,13.250981766754876,3367.747981103673,1,2
27,127.13021347693405,155.77922178439945,36.10137639402685,95.09993080751674,14.793256091156966,12.659976658025109,8282.085999839504,0,0
24,93.83305875157427,129.35852206939762,37.35470783480126,92.30892073934459,19.379059323947818,12.474759060621349,9564.211292757733,1,0
77,73.26767159220512,125.94126953814103,38.157164886554476,93.90287373727244,24.25912759314574,12.96772607842845,7105.533127252369,1,0
82,108.56927828855338,97.366693167915,36.84527661348401,94.62238717644429,14.54427601603352,11.924223747794285,7024.25797902809,1,2
70,51.99039512174954,153.82474849055546,36.380429220140705,97.84688909279772,20.253997018211518,10.830297823320805,7799.4577483704625,3,0
48,82.19308567066885,134.17987806074808,36.722786131773084,95.3489786995357,14.403212207574734,14.302062344114029,10473.080502282643,1,2
51,74.104074670824,119.94691626875274,37.84565159576136,93.21048476800084,8.0,15.262573072104983,15136.992164640495,2,2
35,74.14733014828816,152.63825516204466,36.68500602838061,100.0,22.540078118951662,12.114569757311433,6640.019165814627,2,2
24,81.68862347378189,110.36355300389289,37.44004652673092,97.12056794300177,17.396960394321678,10.213004198965269,9630.00094376426,2,1
54,93.41017449150853,96.05158083620543,36.53060704052804,94.44633051957311,21.42546347609826,11.612541510895804,5109.490285154845,4,1
80,56.54132538819897,119.20168913012208,36.79924343119713,97.61113963659378,13.485414528100774,12.935324305360876,9041.984166018337,1,1
58,84.5653194429239,170.07245885372328,37.31007158437492,98.85828179574983,12.776121126662243,11.76050555947544,7559.678539017685,3,2
61,87.38864614613965,118.92305321220486,36.339376663912866,95.48939960135567,19.65121859885604,12.585643541929349,10162.154759624307,1,0
76,58.62009304545677,150.42677195759262,36.93118942774126,99.56207217613826,21.17920046621603,12.799864999586742,4643.905516795228,4,1
40,78.92344974332535,130.5633400470393,36.66730485781552,100.0,16.42715312490283,10.956173676499303,9959.477462259943,2,0
23,106.44464687138233,135.7067904262094,36.008156075785465,95.62202131412167,24.278944450935153,12.815272053376603,8767.541948957554,3,0
57,63.96088656473556,139.91530028006235,38.57518604149874,96.49702973528602,22.245763376091883,11.139457676431237,6817.59030763217,0,2
28,77.61716634362352,121.50752853353143,38.0425442808106,93.40164673105203,20.82561824483012,10.021760981678886,5849.744587754529,0,2
41,47.36790670743726,81.93943249894905,37.686570150173175,95.3630114061605,24.32662623187194,11.650687104706897,11733.99686196932,2,0
22,101.23131746577313,135.14782400497626,36.65074758360384,98.73602487515492,14.275862878554126,9.498247567596584,8845.498903965847,3,0
69,58.312012034893826,135.7195240055195,36.08455456399175,95.61787351016638,14.709762140129243,13.474285502445051,8904.703528142956,0,0
40,133.3415359638999,124.9193624717615,36.10117237446898,95.76876940175255,15.674315283144205,11.368410330060646,6563.137396122972,2,0
42,69.49503863443215,111.61038605740882,37.03687562435272,95.92413730151058,20.170049503304497,13.573788723954447,6167.228626044769,1,0
51,82.80740365043566,114.7930131042146,36.72517127902048,90.41481547539243,24.877057349478644,12.444709005433438,7660.767214984965,0,1
41,78.4080648175956,131.91582232552233,36.5680566085312,92.8737756809255,22.977136893919894,9.907665404936434,9963.56493457727,4,2
58,66.66289605686576,123.08715640341062,37.60669897736079,93.46228797792416,21.355752253323615,15.481119670279195,7487.51147122411,3,2
47,80.12909052232126,100.05806474791561,35.89204706143209,94.91175016462614,24.97683857891647,10.848111799172958,9773.819231422221,3,2
79,66.63767404255516,152.71512926186244,38.415896820295764,91.4249097827312,8.0,15.02662755023153,8747.620512536469,1,2
62,98.78959968698199,133.31445411416595,38.64526789398843,94.06812945838763,20.102715043441567,10.875751945320127,13674.451466258108,3,0
29,113.12609526691469,156.67174265799667,37.585245398661584,96.88896018329854,21.561436663487406,12.330047092954699,5831.610185598789,1,0
83,116.37199237144497,96.6439058801495,37.42923847749582,96.28860273090248,12.865331164024086,12.589663749800758,8520.38604467098,1,2
79,59.21104681144331,125.3174280054217,37.38583023871936,97.1958502678085,13.22911749423188,13.61647922949058,7729.653519497149,2,0
31,119.04732016056201,104.67883891977758,36.71188271955601,94.56082698075001,20.835360428639564,13.228813394041637,5537.9744529716545,2,1
25,118.4245978549878,108.82290736444904,35.87829472671548,97.56166763413452,14.4167319017128,15.128967047612726,6553.215169925668,4,0
85,97.48824076638388,126.6548594685809,37.409230257471066,100.0,19.963141627468488,15.385363437888582,7079.390716961118,4,1
58,83.28871837416511,105.74156746729373,35.758985301054395,93.83608585786058,17.552271705242465,15.064961177684772,10834.618703226686,2,2
44,86.42219586030646,84.57312871664664,37.961278410144004,93.32964436246475,20.368355572393597,12.317839085311848,9031.943504231296,2,1
52,100.70279143863917,115.2378855655468,37.41244280966625,97.01508365211944,21.78145741320537,14.12651595787753,10327.27215040111,2,2
57,88.41060144718809,104.30265664324806,35.601767087581734,100.0,15.515815465333477,16.174789473592398,8976.953113210528,0,2
79,79.50061465575693,134.9520781502197,37.63695232986971,99.06961093700667,18.499560044061727,14.861439193461262,5847.074517473026,3,1
24,94.45684535730263,117.13527152820879,37.548455321501365,99.69102577556536,13.689287462929405,11.374245568642976,10517.958197111742,1,1
59,65.05264362865535,128.92979564783724,37.574329781579266,93.94642113032816,14.437623017930417,15.263058003968835,10135.247905604227,0,0
37,59.1303252403893,82.10075695563395,36.28704746917742,94.57783992406665,17.241386146241965,10.808606220787606,9634.916805807214,4,1
62,59.79946154053947,120.76613873889126,37.084689549951186,95.79524873246191,13.51601008697913,12.645536400594652,10735.057629856601,3,2
46,105.96685273535701,88.23004535429214,37.690848901902584,91.95991493502461,13.045882623536247,15.768061153300167,12614.262371118384,3,2
28,99.86873562635314,114.90218939175203,35.68134937282997,96.37505448979026,14.205770979994943,12.536444712847999,6686.64801129332,1,0
43,67.77402387756995,105.29884327403578,37.67812410350375,97.71543642697267,8.482540397082197,14.154879252328337,6859.500811214074,0,1
41,115.27421837085413,116.35680350733438,38.21194442462006,93.33283014997492,19.644280386491946,15.537939842115165,6157.718311441366,1,1
39,80.36964402874557,148.58716420269502,35.78505059143506,97.42774059098173,12.12150676139445,14.752085681761892,6727.0017702914765,2,2
18,106.47789011437993,98.80882622896999,37.33622820694327,93.9249192890216,16.47519140400022,16.19259590030179,7475.604028235367,1,0
49,90.26998133941467,128.54774514972343,37.453346136029104,100.0,12.061937121532232,14.317422687934053,6811.361211583904,4,2
60,82.07260404353971,116.28291846549801,36.239523609819805,97.1884108508874,18.036477556999195,11.235106487229656,8968.066666126802,3,0
21,74.89769136354244,132.86411349348128,36.68371316365294,95.32072285736105,20.495798618971325,11.178305312757605,8299.171852127934,3,2
77,87.71810950857528,120.7896672128923,36.82638550991323,99.81974013754058,18.5275082270379,12.701450040183591,5223.567359078243,0,2
68,88.7856450174786,140.7997920157386,37.271433868391114,94.5365520723516,26.890100017319707,12.228153639810008,7484.165610813295,3,2
30,109.73267824586901,130.72857121030603,38.56890339567605,95.80946321322949,8.0,14.767151165891196,7924.794162073182,2,2
89,66.58334128242461,149.51228386785513,36.87604588096419,93.41586419377505,26.36475988444562,13.337284952203408,9283.361940773113,2,2
90,85.66790796434738,123.2155265603585,37.43082603130493,99.39756214375764,20.68789838878522,9.648747926096902,7605.472298882464,4,2
71,77.20479560941479,112.552208697673,36.81259545659198,97.82041022432794,20.212152978198382,10.674646747974311,9125.957040918956,4,2
68,53.784496496290224,118.013659605018,35.87982529819746,96.50530707897555,17.737535994313543,12.103579006547164,9292.278306166474,2,2
59,96.32627645567379,117.18250364456176,37.47209631054601,96.46112617332366,10.523743868420652,12.976558694596317,8920.13135520212,3,1
79,93.01960667635791,123.87104415592465,38.104418002937024,98.35608140056613,14.085485567589933,13.117663387053875,7558.0628763749155,2,0
36,96.85154269399871,106.96586190082121,36.78463043666975,95.28349042802417,16.323684190754953,10.624762895615207,9320.546936821047,4,1
48,89.88415017500303,134.85062246651106,37.706358557930635,95.25153697554472,24.300878054303325,15.31278898264713,9007.30910908725,1,2
64,69.79468733747777,151.77275478392826,36.43408771734972,95.22146634557228,16.72626789723664,14.606200614730305,11168.658399564243,3,2
79,79.44323655582456,108.33698938685373,36.184322768443806,98.59530433100204,14.615052307066106,10.254707936402331,10395.394227897421,3,1
36,67.6839956631115,129.50972202826384,36.841688856845344,94.75877698979019,15.222110088542731,12.932068824563279,9727.062505676346,0,1
83,114.0958453528281,172.11323434642063,36.799435876074305,89.66036670245903,21.28641799268288,11.1080858131705,7217.140089828356,3,1
22,105.83202393022127,119.89722563856316,37.49849550175927,93.10771475049444,23.93936087193386,12.102786953318383,8665.67610322316,4,2
77,73.370614445908,149.3248702674187,36.877935770961194,96.78671274532853,13.1324559775252,13.570197632414246,8275.796540643052,2,1
43,109.6249591567107,80.49403121366747,36.63513167937846,96.37541999728514,20.141857710396987,16.89546883839801,8691.79607456493,4,1
72,77.8857439252837,136.1972948575697,37.704735432322124,100.0,18.205212105277493,13.9175104856941,7507.053530204926,1,0
33,99.9005351197021,90.30220386318481,35.74080160067286,95.3131703187776,12.435229124097386,12.365521819995124,5430.707943436628,2,0
82,92.1531789216328,115.12105529714954,36.466020100331555,97.29764027438915,16.376695321042703,12.438301327448725,3958.647204427902,2,0
84,89.34812802227106,151.31785064189833,36.28777516225977,92.85416331863259,15.456351714439977,14.015215648481517,8783.577674599921,2,1
87,104.79653195326095,116.49693842269657,36.56516341747657,93.29234868930193,19.76179076011387,13.82775570199606,7258.799078186424,4,2
47,99.76177299528004,119.8962233600108,36.547445611244164,98.13110027227972,19.482082940701474,12.735014528998198,11138.790900236494,2,1
64,100.3636094615332,113.11076457652018,37.389584757516914,95.91176879014797,15.027013956394141,12.894814851287215,6054.979243615702,2,2
51,85.91776411639717,144.27428229657343,37.187293212996806,94.40779694055665,18.343071374211746,13.340076978866524,10434.916154452552,3,1
78,95.4077891977096,142.64954173558934,37.825639495490066,98.78845185963908,13.392667922550288,12.585171366722319,3807.6140293915155,2,2
56,72.80933200497037,129.221535263024,37.673062853621744,97.7803745837253,21.401163902687053,11.186134881695793,5253.169095752996,1,0
23,55.81766848766255,142.57897152010037,37.18311582672343,98.13610439569926,20.218133618773294,12.712327806894823,6020.213239400569,0,1
75,90.03176557202075,148.63923455224383,36.77729068437749,97.2532930872593,9.248345069313375,15.006673820926638,8120.300558277426,4,0
79,77.0274092074322,113.96916471905266,38.00241256747737,95.72106854418631,30.36836502232901,14.572392087041822,11619.263652060528,3,2
27,90.18864113994991,157.50326176570996,36.57645899216769,100.0,14.512926083405521,11.008851225773709,10840.87158956941,2,2
66,88.1894742906437,139.77404823415358,35.91293723370794,95.83133989246873,19.954413816604745,9.41126534087217,10423.298178036963,2,0
79,88.6454465718023,162.3776483712741,37.90951846023707,94.89516457433895,23.472784785256373,11.412047038576633,4883.130495852309,0,0
22,48.09645685050444,133.71556069793257,37.943558501327175,97.55260097980053,26.03552294002566,7.691613252914113,8818.443340080852,2,2
90,84.21278483789749,125.97879953952841,37.49123079677638,94.77070052870687,11.59381635809104,14.223070294321156,7300.918708598412,1,1
90,66.75951199351888,98.77590077505663,37.13224570876425,100.0,20.056340721103737,11.461850680834786,11106.665176280789,2,0
37,85.12249707814817,125.04213185637765,37.60040679884515,94.26503074764801,12.781336161341606,13.742663346495931,10665.876359529208,4,2
35,92.61319567298204,80.52306402450128,37.55977228638581,99.22690529476392,16.646126223301227,11.023617556049244,10924.641705370526,2,0
70,100.70066814040156,135.9912198013917,36.82907629284436,97.06936932363764,8.0,10.992105284019818,10945.765136773314,4,2
53,60.64592094572043,131.22423905929395,38.410245037725225,92.22818629597225,24.2241743342627,15.174675451641301,9297.972767057674,2,0
24,77.71885077172934,100.99815966514768,36.82627793181901,100.0,20.61073883564955,14.009581753419575,5482.2851809657695,2,0
42,73.69455116288795,127.82137712375025,36.89413282249818,94.16300070786944,27.063544518210108,7.235294738973507,8840.277886590657,2,0
20,84.49943202985048,140.85382323276053,36.60176719689965,99.01786525213264,23.078632028747137,10.413065721836045,3520.8868655478263,2,0
24,78.71201926871447,146.7077333671392,36.87912056209686,95.17439180086642,18.174788353257696,10.588617046266878,5022.672995835132,0,2
44,79.96214611051771,120.12502841939546,36.61952552232972,92.69653670101951,19.8502335492241,12.515600213306554,6665.518794412298,2,0
33,109.85810709767262,140.30882173759457,38.24485414333528,93.81922760062625,17.918320083963646,15.259447116214776,11003.209026755132,0,2
53,82.6891387151972,119.68881757900829,36.52924424616478,97.96228539956975,17.584242400710565,13.909845829173667,8808.490711042208,0,0
34,92.34988760437307,96.41500113097443,36.94549629243247,98.34071727436013,8.0,11.372364905848139,9768.504049726229,0,0
47,82.55654739104673,135.11014033473165,36.68383955979116,98.91370772151473,19.83582203228187,10.629031163631055,6892.307916749185,2,1
64,100.55905558690482,108.28791122402362,35.92438367404946,89.54338876399403,14.46914574917448,14.433599995709692,10284.321147997729,2,1
72,104.41790126952104,86.39395134675809,36.84624261715588,96.22348686405876,17.514970006996716,11.772036925876444,9645.26273315879,2,0
59,106.19167257487433,145.3364573056093,37.32037238475857,92.17966968844271,16.950010009337902,11.111676524005539,7007.274596668907,2,0
56,85.86274641835598,130.55267471975785,36.675617103555275,97.60574156320509,14.303485815455252,11.838131773923465,8548.903765039033,3,0
50,67.64678545185795,82.75374710160135,37.10364404884757,95.78553540978406,14.358990287060923,13.153856982505749,8163.511682015692,3,2
58,67.29566991213088,112.27633369141533,36.094325201362054,100.0,13.475084098224379,13.149809273746449,8019.033032912668,0,0
54,65.46168170600748,71.37563204962171,36.624838127726335,93.10034840101495,22.170897587653048,15.409152765315108,6316.809296531009,4,2
77,84.1495055087929,176.07580822601093,37.25779791575986,93.80342687107512,13.66904873124479,10.139446000193702,3376.8368201722533,2,0
60,62.76980204520069,103.56024732856497,36.542416804054234,99.50042014389699,21.026025821498447,12.583615907636617,10891.090458427701,4,1
65,55.44903149159292,128.11765875097467,37.42062511564044,94.12089723777669,12.497489829335635,13.060272356233774,8725.555873422563,1,0
37,107.03249973751812,139.44363300578968,37.209314985725754,91.64216317381783,21.88682487510004,10.061520587197121,9614.138518435804,1,0
53,74.99596624319743,79.52464589180781,36.668287892309,99.17085281345003,21.367381263847385,13.911513326220144,8426.697794308719,3,1
39,61.76594101532922,131.4901777877128,36.426777663106755,98.38527018507277,16.263840871766412,13.930677407307764,7778.3128800143995,1,1
44,110.31154095526901,127.86335115900364,36.64922229608842,100.0,8.0,8.935962335398667,5354.097970593648,4,1
45,45.0,130.3441715604084,36.311760437564104,99.23458828896239,25.18195006309107,11.579016433711159,9575.018028589953,3,0
71,94.33642784907533,154.0798491189808,36.120323409087426,96.50829582263455,23.701593377562602,11.267213660705277,10117.88203090881,0,0
76,55.07896871624581,160.91007715307018,35.82708431996971,100.0,12.13888457928045,11.434043621509044,8710.291738432163,3,1
75,128.2341498191479,101.19129869823394,36.34443747588851,93.92257005510433,23.46614786384277,11.342181054780879,7266.306975281742,0,1
86,76.07949649789899,148.7315050895697,36.874292456117985,90.34021819014646,25.519343091418087,15.678779928087613,8116.351466007684,1,2
31,70.81252983111465,119.53891144520145,37.20810027142468,94.79713825606099,15.07572434061289,13.2841580198066,9090.485338690105,1,2
22,112.00957313989659,120.73934499315038,35.87394044634733,96.0814663660597,13.467695412750718,10.553532836907326,9370.207347508946,4,2
52,67.81944153475882,124.20251035320416,38.29054870635041,99.21050349079444,23.174915014726757,9.247422548923604,9224.674517960068,1,0
37,76.57965641859914,145.72444850395462,37.00180763281368,91.17693939295717,15.910038691589735,10.018643466273218,4411.937159369203,4,2
24,82.30298475087035,143.9214191525708,38.02824657703471,98.75585315805061,20.071242884576023,8.634124971882132,10452.97799354227,0,0
80,92.98832032884863,119.17747098514948,36.88972739752055,94.60081519339971,16.2919369997671,14.762310160167127,11091.24950688316,0,2
22,75.96027929595577,138.07965711584148,36.73868034030631,98.64010085868154,15.014540035374027,15.827881212040804,9833.864175545761,4,2
27,97.02420635123943,150.90001735645734,36.1505790494066,97.46719910723439,16.723294985114116,14.3167902523374,9171.239814428523,0,0
83,84.59712966503878,94.27463643874547,36.4847448209111,100.0,18.48138083903596,14.933104223471789,7412.087135071461,3,1
82,104.43268980442672,86.50873622456467,36.51889126458534,96.94944685984669,19.413065365530276,12.559511934731315,6983.20448968416,1,2
79,81.26285424638247,135.03733321712028,37.59761398209532,95.64546653459462,15.287422912656801,13.069163762714721,10593.912406105665,2,1
25,86.92188598045338,125.07614769332818,37.3038953156252,91.96129389645372,17.89041481664422,11.655485039609259,8203.2283798709,0,1
87,81.52408634976638,107.99452431271222,37.46031677141496,94.72021380512932,11.09359928366379,10.427167744672863,7351.573347217844,1,2
78,100.03693156620858,141.0026548190289,36.50694512509702,98.97842221309986,23.183886014182995,13.567333959251968,11001.605615575987,4,1
23,87.46050514023365,126.58299587512542,35.91870503758799,95.73522839153584,22.102703702655766,13.01418749616726,5190.987348632964,1,0
86,70.49205839066954,145.33245092495463,35.61286099489047,93.42227713431353,24.842368182121838,9.169794604333996,6994.223281429403,0,0
46,81.08512123393126,84.9502852957198,36.55122926716494,92.79787011659239,17.570147537826607,14.887504078617168,7276.279002182892,4,0
40,97.57318693222128,167.89945028988933,36.88018659614996,92.41319211641496,19.960435128903256,10.581896026596084,5819.3848399780745,4,0
38,87.93840144187307,83.67601202995073,36.606327753846806,97.98877088488223,12.241270968562645,14.621540926428922,7601.151877578264,0,2
87,61.729569795185526,92.78669384716207,36.723499381841144,98.16992674960633,15.700828684177711,11.35657349158483,7156.740126942436,2,0
71,100.03855737569205,102.00272643771083,35.408891281408636,95.35993353568757,17.798745732068873,13.025462277656825,9198.882798085528,1,1
74,87.54205708639496,119.46704802311893,37.322360519350426,97.45525690865696,23.859055376338738,12.718875412598283,4030.890982429679,1,1
85,80.35480979265375,162.42669764613115,36.036297211061495,97.01406555866538,18.990746001535882,9.595898343557947,7552.114687011849,3,2
40,94.63412615328438,148.69392589066354,35.72841717855913,93.78180170368964,15.512900611942168,15.519394175105615,7503.766719253709,0,0
89,76.70088387004101,93.10240260312871,37.35444289833878,94.67827504510225,16.552906437348998,12.943807626375149,6513.854828380141,0,2
80,98.08559421379343,130.603638989614,36.929251801257024,96.28234390723354,14.371302662204728,13.565010636298089,10500.78516741874,1,2
19,102.51308857729818,126.13906618824534,36.542482268205326,93.94576526081794,24.35814101691127,9.130612194704536,9184.543227581831,1,0
18,98.95055603297118,120.05529671548398,35.924911201279365,94.63056275776039,21.95307204335992,12.419290092297093,14646.282237256804,0,2
76,92.9549245839933,134.28366587446496,36.493985504949606,94.11468690718225,8.0,12.292440235065436,10120.162787665298,3,0
22,106.50426889793428,93.02470210845459,37.08572455111079,98.11602569296336,9.53541726033928,12.675632340559895,9531.97029071897,2,1
61,70.6585361857018,136.56104885388152,36.547890569261604,92.37878467494144,18.23582368785156,11.259761424651328,5577.587518218237,1,1
84,105.46115748508244,119.26984447405354,38.11131501462387,90.41776259837344,12.272597681044886,13.226782542161912,9359.822479386294,3,2
89,75.14666570681419,124.97744151276493,37.14033612368284,97.67806814545133,13.734845097648904,18.818019897013645,8245.568407743704,4,2
34,49.19341339895741,133.37565410111222,37.23643169179927,98.34645584690422,9.769317151209968,14.066780956408614,7975.438186726688,2,1
42,66.32004793704306,100.12056919030746,37.6416229482506,92.45567917196254,16.155373674766786,11.83897516924317,8122.991783394979,1,2
49,76.95813395545457,110.33186963707351,37.60198142626569,95.42145270682022,19.571085141220394,14.587318970720405,9182.708361195666,4,1
89,93.60244426166139,139.56251773996746,36.75590490154055,91.75576680761728,18.530213203258995,12.530085462306523,4304.165663768421,3,1
57,112.61497212813163,143.7318832972788,36.54285630026804,92.90432728399219,19.645206230274216,10.81554312832614,6940.740152510281,4,1
77,62.89582397057738,165.58787678926603,35.95775974984303,94.57516417020943,9.335288272139435,14.29946076482534,5179.716527477116,1,1
76,76.81962604882041,169.30920368018454,36.59266284849827,97.54405578959616,28.589537114444028,12.652207990348863,9111.516046759707,4,0
56,83.0405412199841,123.57905597031107,36.59712048663481,94.97873011639439,20.14745919793609,12.310651527076441,8844.835012055732,4,0
46,102.79598399523957,98.47385043273803,37.54281551380491,96.33162757151818,25.43000776333563,9.330630720092518,10028.238982630715,3,2
70,89.31996762179666,141.79472873252672,35.989693188061864,98.60309725437594,20.531379397596027,14.253528825531449,6350.7439678581,0,0
80,80.42734596163594,133.78285241514297,37.69475567740649,90.49652243305287,17.645543852573407,13.655714127124439,5666.244543090521,0,1
81,93.25894858721973,149.48930855742105,38.12167202204041,93.36397314650334,10.441797792742474,13.767361898223538,3512.152801731243,3,1
26,99.30096838712052,160.53132395337823,37.664425472185386,96.68251746321104,22.82600818917966,13.939064302383272,10104.902988167923,0,2
22,119.08339851485435,172.5129731107351,35.5183837492678,94.52476156131038,18.985008070806764,13.832816794533864,5886.35113242564,2,0
70,76.0187136108522,111.87459653728271,38.12136988696161,91.09384355038301,8.0,11.200686219339122,12013.719123780742,1,2
85,87.97296676667675,94.87004179240472,38.04016441243656,95.44241945061135,18.200729228296257,12.332713208822595,5023.1880393922165,3,1
70,81.70260389454316,191.28951043769644,36.93532221084981,95.29441520480972,15.7612795793326,8.489782606413822,8656.525201675548,1,0
51,63.13709469154459,122.264179914354,38.97235691634491,98.87336334701214,17.741766285345395,8.828701786365963,2498.905709445603,3,2
42,91.31910736606302,171.1362259010785,37.0073928439116,97.40128111963233,23.39412479653006,10.236196740956554,8510.07107762582,4,0
24,98.41617565103991,155.17322319198817,37.49960605707449,96.38780727470493,18.45074395039906,7.471591459134033,8136.679941105284,3,2
23,57.09985977468469,157.7792614263485,36.681515561806414,94.07126874315387,25.57203425550466,11.154239087044353,4686.128675059909,0,2
42,79.62299105751215,144.95452149978655,36.51941152065921,93.1271671663407,23.0496418916552,15.91214730237158,7265.925745449518,4,0
76,96.42728336517627,144.39737282175255,36.15773906573824,95.93030178867053,14.096915857073375,12.559066341887657,1634.0478823714639,2,1
49,108.20007422544049,131.28855514368988,37.97791788839643,95.2300578487448,22.299722258976715,8.182379940621821,5543.868368701687,2,0
44,81.16660779601197,120.3070876666736,36.869641044428654,91.77071975276554,29.960639595560828,13.20550037708086,5538.796882493041,2,1
50,81.35828958933713,112.01237102860699,36.6444118979013,93.52160848012615,17.788861897811415,12.145157668761673,8431.02751926146,4,0
46,45.0,105.99427101965605,36.14732253077126,100.0,19.490281285996964,12.052465729966986,5036.234158343979,3,1
75,66.26190557530413,114.05295543123844,37.43661010885308,100.0,16.562348193740675,11.291758747046131,7903.512645903881,0,0
67,76.18177000099948,147.83853549222925,36.805793379447636,100.0,8.0,15.005909927721603,9482.70166609604,3,0
26,73.10772484175807,138.43479512622184,37.55543889239273,87.63624162907142,28.153838760048657,11.290682222715443,5575.176185732117,0,1
24,117.83578593715399,126.72839145116603,37.682156840002236,93.9051959335026,20.27277009062518,11.616987230835086,9042.723218786348,2,1
74,84.28488530366104,123.44715771554259,37.01826639044078,90.9670306851975,19.84191046586088,8.999924814725812,9753.959997990332,4,0
90,84.46597042911972,178.6899488272256,38.03091208201798,97.44665862257233,21.17458086245896,13.103107928379165,6153.026094817429,0,2
21,80.40421549106581,150.26634037916955,35.97299775638527,97.74761771391641,12.663644742772316,11.792009901830145,7932.30261976967,4,0
40,71.59323444015428,93.23536694846058,36.60027394532957,96.33294392367924,8.783290576411796,11.683595629422669,12013.606026618281,0,2
42,80.89662140701245,163.57358338468504,37.486396039915626,94.01080232108549,18.064017701331807,14.942608163497237,8925.857260342724,0,0
26,120.05229509363153,160.04120170575544,35.17472831987743,96.48410201839293,19.672944307103606,12.718869762560812,10310.53915498704,3,2
25,94.04627336111591,107.41553606530508,37.03008142545578,95.9327245743218,17.00180726953636,11.83316861619326,7630.390872371051,0,2
73,94.99532278130388,130.9779920973471,34.829870942834916,97.3413620013047,17.989609712980545,13.283826145370533,4764.42217369077,2,1
29,77.09166305887005,152.65128767575726,37.24777783453238,97.42682815884544,22.541430699718575,15.189532242121576,10938.925668156537,4,0
75,97.11839251179823,104.9726186956607,38.69108759835141,96.7670385305777,22.570154779635395,12.648042798063766,10140.373717912977,0,2
77,45.0,146.69421354041842,36.36595897085149,92.9460204650099,22.118587396563914,11.993082690429226,5849.513640027537,1,2
32,70.31684784673516,151.39735209016428,35.520187157167626,97.68172534561931,17.575730688252726,12.84872887259826,9547.537741598877,2,2
54,76.62733092712409,160.87116749307313,36.76246400596303,100.0,22.684121440994755,11.797723646213814,6699.268652054639,0,1
90,81.89355794167682,146.04314570314685,39.08907771580566,100.0,21.72066023450837,15.592081153710167,4831.798704092763,2,0
54,109.39328455763543,159.803795190637,36.3715777729059,96.09465943955524,21.62312463192587,9.686323710698534,1500.0,3,0
22,46.03670132917666,111.41766983858467,37.39724504543771,93.80575007639554,19.921159298067515,12.046250382583768,9200.569791810882,2,2
43,85.58916219374332,91.83826916772304,37.596769110235,99.10652402287201,19.49551702894847,14.17022762456163,7758.36075405528,0,0
40,77.16364157699168,102.55125616855402,35.852738425030005,95.56546349185074,18.07850943621749,14.071198342748454,10514.729044619091,4,1
36,84.0317369660719,103.23879335487399,35.985265259683935,98.76888816059358,12.646065277645809,10.814637814697477,5867.9276050579065,0,2
46,67.97472315241515,146.69612643904304,35.95498100489058,96.66244819740959,17.01973885562739,12.800278277962306,7178.355387738687,2,2
74,60.691752018822,140.31753519922495,37.00720450737107,98.19310601475426,25.31393283821224,12.909450893815025,5855.567491438316,0,1
56,101.58402423181906,104.4644400445845,36.93069968420923,97.85607302293404,15.751590767363183,15.438820550067504,8681.14019853308,2,2
78,100.23340726571652,148.05145196979296,36.931362621031404,96.42227719245052,19.411199781477304,12.798632802774241,11743.525217296845,0,1
52,69.97808562273467,132.08078112685007,36.71894172106695,100.0,14.178105072937836,14.06105582038445,6065.926675311843,2,0
67,58.126034313872026,97.5462887822083,36.76144693856502,96.6616280781763,23.139877411550245,12.820137382412428,4867.29501223993,0,1
84,104.52114685872314,137.95318617618872,37.572031086567605,91.33807703476067,14.336131848486577,11.277844548593938,9499.219599780183,3,2
81,73.5657361939353,137.7639852831682,37.05615990714651,95.1550605470721,16.41268183989618,11.983635207474839,3941.210163074462,0,0
72,109.38507534439087,89.76778426730539,35.38263907402174,94.91348957917643,13.455307359453888,11.736493719801764,7976.7023543766745,4,0
29,82.61554586112766,129.97324149477345,36.14569218221571,92.37186136065722,19.853160681563065,13.242038900931426,8524.732113798007,2,0
73,77.7101200127777,107.12455018575055,35.96968552492703,94.12790032720842,22.648167723156234,11.763460558395815,6460.687560846624,1,0
22,71.13841252765374,91.91200828166085,37.79502277422553,92.5915469018032,18.939169473669416,15.04058555717123,7478.180251384962,3,1
46,89.76393489037312,105.14788856784028,37.728156229874344,94.86746301627392,23.94537286113449,8.92668628975526,8898.741988302485,3,2
63,94.15249686751143,137.61440005709562,37.12861195278306,99.31991701756841,15.111264467759252,14.232592644653057,8916.850066945235,0,1
88,77.511328581646,134.73701819589053,36.93555931342201,89.45710416802694,20.441742498035797,13.925034339336932,12957.04555586963,3,0
48,71.34659845824262,143.77669910747045,37.272275714830215,95.28139013887169,23.600633695514794,12.2396572402476,7887.0259917144585,0,1
49,92.96511178121943,143.4516508518358,38.52050280854049,97.47302864261127,16.382302102085546,11.693800320897129,9172.898489143656,4,2
51,93.38934110897931,99.92896348163055,37.20260510120214,100.0,19.242210851967343,14.64552484153301,2694.4159124127127,1,0
33,78.48890130825798,161.11652249890784,36.518340015205624,84.56607822117934,19.88727601381039,13.583489470246176,3754.8282709301116,1,2
78,56.0153053950814,126.28866033638806,37.01961921352791,93.87194988396041,21.466568672341985,10.559831007504554,3348.867156164515,4,1
24,77.60427849010235,148.8655183352906,36.552931492095794,92.05739625935904,13.63357971243308,14.35519445528631,11989.21558043166,2,2
33,105.34632810144115,127.48159394255255,37.80349381191685,99.26896901935311,23.367223208643566,13.657757161313222,5574.153814062587,3,2
62,77.45699387243971,103.53413788441978,36.86168459200979,98.46912099229804,12.39174224259694,11.387863130393944,7460.575456191221,0,2
86,100.08081907617674,107.50487989927291,38.78109075135841,93.38662341900246,16.008779100285167,11.860992015541477,10138.795959482733,4,0
39,87.0751821051158,120.06695785503122,35.579190013685384,94.97363256576483,23.309344505372998,14.17036980310063,8055.548967386194,0,0
50,110.35028606316524,142.85727501897736,36.56771501175436,100.0,22.032297632145635,8.472774784993106,11016.22849704633,0,1
43,92.60163466377516,131.91148744733994,37.25347945467437,96.12574139031547,18.582928310907235,11.059886141425952,8482.801320338394,0,1
54,96.05709394239719,109.42872312770898,37.25212343274465,94.3027817818378,22.720394217892018,12.615314539070466,7340.349934244558,1,1
54,77.75825204624216,117.97733435736147,38.84584114941479,100.0,15.570095856490328,13.593460449115891,9248.325355738174,1,2
66,58.36919251714657,139.77230481081992,35.684609453301306,94.86995224137338,11.557830745255849,11.445316718257196,10144.500343631194,0,0
88,82.79361787574058,109.86628837150973,37.13411850863906,97.57205168056323,8.0,8.848986696043387,7785.995045358373,1,0
63,80.80282931591438,115.8836991192795,37.379437296390755,92.13308117911457,23.175158728177543,11.085837114956682,9648.607266256302,2,2
34,100.74731257215618,116.67806910336428,35.83435390378082,95.53160309357288,17.066187733029253,13.27283598848544,5901.436679605851,3,2
27,48.470184819352426,126.79767239219174,37.082170111781636,95.46029916739867,15.926697515323633,10.813878006563433,10097.949687942648,1,2
24,66.63398576366951,131.57589989121755,36.65108687235444,98.41944967251116,16.382259082301513,12.27810651795099,9079.374951111082,4,1
24,103.24431364202181,130.32776046800382,35.42687684818632,92.10025906541476,19.110278037768527,10.316813980196997,10385.57831139408,4,0
28,68.83764146904063,147.24607920986924,36.536406718215666,92.57740290789344,19.47222573618076,11.21579844663464,8192.620059136712,4,0
70,122.90485956778517,145.4959477568175,37.9351744757504,100.0,17.720755899432387,13.25141961845032,8592.536016210646,2,2
22,88.92296057817863,149.75394089397108,36.88037597001756,93.95284481270868,18.229777217432755,11.043398592612652,4981.584106665134,4,1
75,79.31214076803427,101.9131485802347,35.08422173663657,95.06758316487992,16.217176038240332,11.765735843045501,6031.682593671294,0,2
70,122.20361960799849,143.1975379729021,37.93392811143507,95.5241825887027,18.426814813144336,10.915104470570881,7673.520025519769,3,0
33,84.49480957941076,125.17733677881264,35.346884568429154,95.57054114832087,19.30925496155097,13.199267160520046,4464.818830791463,4,2
19,67.56471891330935,141.7797992339937,37.472578870128274,90.87902156500736,24.865164117905316,11.743091980683023,10688.43442800002,0,1
27,131.15742008381676,110.70890941871919,36.370850051870775,96.85343894515937,12.778783079795282,10.516067151162426,7119.766662066482,4,2
40,98.03628839780518,136.36718275566452,36.798284370725355,94.82165192320781,22.950171942884733,11.954211715382208,7520.307022532766,4,1
28,94.78885705012149,145.79381604928633,37.5639193745772,88.23088238981917,16.1902508373433,10.53010254837512,6117.906719566034,0,2
22,99.09951635640347,116.15958898861338,35.08713169564056,95.52856852490658,16.351242221251066,11.438362236878142,7401.101277073185,0,2
68,87.47889922693007,117.37122916197096,36.748375220608615,99.26703120449092,22.257862350401858,14.97630459017105,7062.082557924517,2,0
77,94.64627411037836,92.9069104183387,35.72799837551732,96.98038319235343,22.417039582950935,13.811129739142455,8955.790316616145,4,0
33,68.67793377279898,105.06025111228985,37.78838831199362,98.41035561760079,16.70298571254335,11.117148365467537,9318.410729313902,2,1
54,82.56717168898712,128.68176551740316,37.67460444296025,94.56108066586131,14.342915511972812,12.648269486636181,7435.225470803533,4,1
71,116.11417708768633,123.44238956085539,37.406576004618834,95.91957541727452,10.981478875305068,12.452757591235645,10661.037967448381,0,0
81,56.74647699988258,130.99582538051578,36.79606454971734,98.38919234480859,20.867062494564486,15.360265160021115,2096.173348495973,4,1
80,81.99339761872255,163.53325030164783,36.7608847078575,97.7425245196533,21.803390514139238,14.008097493915317,9807.999564985234,1,0
69,85.9556887497216,120.87754232395237,36.11915039965494,92.99994526628896,14.70892396882039,11.75532386469536,3050.432586397017,1,0
54,94.27919165198362,139.35140215588353,36.52906669492957,99.96808512486572,19.703573623308746,10.845102778897854,9362.950612315764,4,2
69,76.05507799954997,99.76113180874674,36.142595617431795,99.83779767659392,17.229203035366403,13.952282547936948,4402.473120113663,1,2
78,103.07401782061768,111.77704987529782,36.7980766524059,91.11929171703046,13.090103328421755,10.80862582600548,9619.337317940892,0,1
74,87.76826408618581,98.68588564986617,38.235551877055876,99.32667284290136,18.31966955627254,12.267377171588542,2140.4583241795235,4,0
35,111.280345597381,108.63675758467028,36.23635213468181,96.62971963919489,13.953249998568719,11.102217799303041,7806.399892589355,3,0
90,96.22760726723061,160.1266307264643,36.352722287149696,98.24750887707933,20.291417121723114,12.222988643576933,13264.541155284584,0,0
40,67.36924712711337,92.69151764990538,38.2004277379267,97.02448325472994,22.116388654101513,12.146755062181052,8823.88733064407,2,2
85,115.60031891057366,132.54834176385367,35.90878904928776,92.33206169198029,13.433254624742622,10.980492996594217,7874.074201761261,4,0
62,90.37320870210797,127.30360117405763,35.73118329269408,96.64486325788555,12.81904799452302,11.456112809977208,9020.05395839977,3,0
54,100.05655244758343,136.45084153180392,36.59754461419958,100.0,8.0,13.06972687639911,6561.537737735195,0,2
27,89.50912870271891,92.31364421175766,34.71801347861701,96.02105718997447,21.392159399843585,13.128586909049146,2738.9463400864197,1,0
76,92.054143779718,135.07105769472312,37.88013064519925,98.05634300764606,23.719739899860528,14.841438804266922,9061.169562687182,0,0
70,84.13328353910401,133.59854702344307,36.990223985384546,94.38010786300383,21.942821176589018,14.329830007991216,3224.5019927284484,3,0
46,65.61843034938788,123.18175750042863,36.636194735351296,98.8913573328754,23.30654331875705,14.787220165508868,3072.0874822058086,2,2
63,96.28350006172812,107.97596267657954,36.730425241025785,98.3068745233723,15.968271011382496,11.333242597892086,4783.730222538252,1,1
35,67.97319615068147,113.31527305562845,36.660028480844716,96.39666649847472,14.748594109725847,13.721733376989514,6636.715684311875,3,1
43,82.92007475096173,156.54874082863913,36.59016387628904,93.03788976935598,17.330173701281616,10.452536878126772,1500.0,1,0
36,84.64696071322966,138.24739240777186,37.56302429016328,100.0,16.534632156407657,13.838527770240312,10067.589993535807,2,1
44,75.57274357390426,120.26960571681619,36.9028232683581,93.64189937483125,17.32500730126633,13.690716003096579,9576.098211802393,1,0
29,97.5880507722847,119.40299098673263,37.50576640743207,97.77164733988086,21.959443195371147,14.561389315574214,8893.58897866122,2,0
55,89.70193685932435,151.35989495003872,36.67410373947418,100.0,16.066731102537247,15.91282369552485,6272.48457834906,4,1
23,73.09080699732692,128.19857170284232,37.15246883777853,93.72904325593774,16.719654994007048,13.794799584488324,8084.3869245393025,1,0
70,97.26668005899705,133.9482390983136,36.192661631044736,94.50228344290852,16.805212528657805,13.588135106545488,5770.229374896157,2,2
41,80.6417803305776,161.51938046171492,36.73973912154026,90.80434728062018,19.541568898095893,14.411003241444954,7734.446996222663,1,1
78,76.95234743509981,145.40173757853324,37.5101090795903,94.65379418678094,21.323688071489354,15.39871330533239,7100.758541591164,4,2
44,83.36778729764428,136.7354498752099,35.472681253750515,99.62738608275606,26.46106796583124,10.12324548359713,8526.977564915846,0,1
87,94.04025961508283,163.50032070820583,37.336530372480254,95.56876964588045,19.267133348055577,8.913067820486912,5408.90705759095,1,0
90,101.89147904316266,106.10417620048354,39.83833366940995,91.43895784310638,25.156083255892646,12.79383919718047,12190.511135028497,1,0
71,55.98636081793879,144.69749683896725,36.749095342991914,97.81161933039218,19.0100930706565,11.32082611500494,8645.939803535573,2,1
41,83.05708713597288,88.16811152105555,36.29389875584421,95.97110636634517,20.468829106258333,12.765362475805574,5301.402787851499,4,0
23,85.34917011817899,137.9477008614634,36.831154332287724,93.8624623429518,24.454622081470728,9.591436433387805,11182.600400591593,3,1
48,94.11098559120511,142.39073541192167,34.78979814272159,97.39253250052982,14.197941414324763,10.59389944248734,9261.22462166395,3,0
19,79.77615155413062,117.18700567202693,37.37877256154007,96.69899134637039,13.95680305882211,14.087102189353244,8101.494454083137,4,0
20,82.96866098284251,109.4139593839944,37.17193237321705,98.92831643265284,20.181130099543623,14.09209306036363,12088.213716756289,4,1
52,55.40323552090853,114.68593912824402,37.15980926739496,90.92036914297354,13.55713282601982,15.044830077060844,1500.0,3,0
46,98.78251704574346,118.46668604224367,37.53174512457475,92.21982420682842,24.906381075868715,14.073322962291407,5035.195549849093,4,0
56,95.57549731891913,171.28878725110934,37.06791371003861,97.1426553528018,21.19009567201062,12.878098437205061,9710.129182904722,0,1
50,86.5147911563863,101.22216834147432,37.603595066694886,95.86971188675328,18.085535410479334,10.874925192129595,8654.706209121556,1,1
42,77.94567501275179,117.9075610833497,36.453880623550575,96.13298285382156,28.50118991010696,13.227753277488132,8703.84766342575,1,0
53,75.25851281286111,92.82020575445404,36.32526747050121,94.3904678297721,18.74661709982425,16.502451546979582,6594.922723483633,1,2
87,76.55585958621442,164.56092533688008,36.111810278249614,94.69977739303886,13.262348823004979,10.02601148123765,7225.204017326411,0,1
45,47.63032305909569,142.09285483900254,37.65582574061267,94.70733378598548,19.711763822202748,10.201932310560974,5934.096526972483,4,2
39,101.83843548832374,146.46868366219124,36.645423516769924,89.58944041557481,23.307760666191076,8.805971973909767,10099.139413237968,0,1
73,72.5537028906158,152.51825557039552,36.79721778504457,93.61629460309192,12.427147085344433,12.40901262749432,10829.371118269548,2,1
88,89.05190191468249,125.90454246870868,36.89858429875802,99.1115827399776,23.02778437272415,12.331514423963917,6182.35847382755,0,1
49,93.29794636957818,147.45832908550997,37.63350429528377,93.34584385603081,16.08975627605032,16.06160734447849,6054.633476572444,4,1
49,70.86386399696649,85.39437875743599,36.25522440225091,90.51309902345815,14.7251963763921,15.494052285894309,7576.824695656536,4,1
61,85.29608088168813,127.82387925021922,36.86817679826561,95.25994995343716,19.102637066316614,14.247426552397048,4908.684610121789,4,0
40,123.50999374454594,143.2743286977481,37.768445073509945,91.6555276336969,9.550280113292192,12.32751251802864,6149.438829358494,2,1
79,80.07795835728365,117.17025270067191,36.177389909788495,96.10706886185143,16.077443697515147,12.478745056921921,6454.371665055962,4,0
83,71.8068509508996,98.67661190330246,36.6462824882693,97.1570016881116,20.584234613035196,11.685779185948402,11592.07632489528,0,2
36,87.10324291240859,164.40199895096652,37.35450700220171,97.84538554589628,21.029661881748073,14.521799744185937,8467.238516023988,2,1
36,61.414529204169746,140.0983920240217,35.79619850565288,98.0745514881169,8.0,13.004864114091731,5317.234287714436,1,2
45,85.73020434748058,138.2965854282092,37.12749783692086,96.05301772105163,17.959330546739768,13.355868573729358,6400.41106413545,0,2
40,100.57666920304591,132.51380641856198,36.83242596182353,99.44708377038113,17.60585424166905,12.030152410230237,13370.612893663509,2,1
30,71.541321291937,120.63621132470224,36.4914823437472,100.0,13.597183351611909,10.732082164094587,10600.01658933174,1,1
39,112.8349799353851,133.6473286688515,36.10717924446358,96.48198313936648,8.447674687843714,11.414046999749488,7566.264875383809,2,1
31,74.1753358140944,149.2985432117891,36.265913812832,99.49240276701711,12.19714673922746,8.972137857338376,8380.221809096744,2,1
75,117.0419109994315,116.91894478124732,36.65392919052933,96.48742891201448,25.327600642155062,12.612774856863576,4243.889295787903,0,2
81,77.8927879303703,144.89374534139858,37.38024462608001,95.90263512390025,14.831708959219569,12.361402720349112,10817.488865478823,2,0
46,51.845201956738364,71.44139127956231,39.05521378087809,97.44985008398102,16.61072387796622,12.41840002527485,7280.214371920031,4,2
60,53.25140592940926,104.56363327982072,38.30225783069347,96.82214444981987,14.051822515693136,13.703805384097643,7958.849260442593,0,1
36,82.16721620526671,150.5747640532481,35.862547463536224,91.17306680468248,10.202577692517973,12.041689976841793,10564.683708829818,2,0
29,45.0,86.47805833564655,36.94252255315002,96.65219502695898,14.592180348939687,13.082968013933163,8017.863533632722,3,2
75,47.491509028671736,128.57438087384176,35.80096945561379,97.22290431411055,15.788679320558245,13.839841458284194,13816.515566996091,0,0
64,94.4756383741052,136.47152429963282,36.47907808019733,93.60838469284191,25.558123904756908,12.694629590922867,12370.455557755784,2,0
79,85.02354732462311,151.25394655815066,36.068721331166955,97.51689024368775,13.044940647314425,14.004963698592022,10954.91352992522,2,0
62,66.36679726774429,141.33027158800337,36.66756488277213,96.61821812881014,17.443699433762607,16.45951049727272,4955.2910504708925,2,2
57,67.4828386427566,131.85754073273515,37.357328880455455,94.32540506279935,16.979883438302355,11.759835710878441,7347.75090958061,0,2
32,64.84147875120419,130.54662895588615,37.04657548742376,95.59253377036163,9.086133785565229,10.922819307019813,1669.116240804853,2,1
82,91.93604638540063,124.55576650234327,37.666034157595085,92.56589683070422,15.389306598931618,11.653687367526917,7522.13928513397,0,1
41,73.82314346347324,125.11701648691393,36.79784687673125,99.61786171371979,11.092241539318774,10.732275394301858,9583.938347436773,4,2
23,89.40215014857901,119.02348144299754,37.88971399751066,97.07124809408685,20.728701628633708,14.313805216040294,7426.954330702777,2,2
62,53.54921078438998,124.54181958811652,37.74218101125124,93.83680712460027,23.10443551881269,14.828038398205177,7965.7481895875035,4,1
24,95.26042777441268,124.15220863094076,36.72029074957878,97.37517613911183,9.725306095597132,12.431594608454585,6829.509348615995,2,0
87,74.44761231673868,110.37673363542704,36.68138927544394,95.28682695942473,18.159862452563008,10.80145921560568,2548.4696912961845,1,2
70,73.88790620829242,126.88850280088394,36.38090204323826,97.72026565483567,13.07107507603019,14.633045019572648,9556.186076172407,4,0
75,93.97482759983504,70.0,36.4661894057401,94.30644798369114,14.871580788265444,14.990830625833663,6418.28638749247,3,1
25,102.6394671410391,134.9685940547049,36.85922867350882,100.0,8.0,12.019959055035262,5517.918877577199,2,0
71,124.23498483997744,117.06258956663147,38.168133374406644,98.60911455082898,14.846655130234186,8.761628879085706,10873.8609965465,0,0
74,85.57787821758482,163.57002197839554,37.09539691577372,90.58510351909743,21.391448368039217,17.153355465101825,4772.069808621503,1,2
40,82.25002797245105,176.3462087116555,36.22115647307494,96.06573506526107,23.439673581883817,13.128234057915575,6015.810145219916,3,1
73,82.75445375714513,107.81724238036438,36.189144229579654,99.15572059821406,28.75925038626599,15.31898773396669,12321.912208004833,3,1
41,76.93984186721205,190.90794242420128,37.19353429728632,98.49279888854933,19.779343988149144,13.778286232000607,8551.30917147886,1,0
23,82.39821329190023,129.48419064622243,36.49344671871059,95.73179024038417,13.951809610433562,9.681239511095264,4859.248164128099,3,1
37,45.0,139.52155743667487,35.69527180354339,98.94334156174786,16.630623645744176,12.008795861404181,10841.274151030977,0,1
71,65.05732839676294,95.20685600226948,37.21004653536413,97.83639182672698,20.28836745818459,12.213046416265943,7305.533747623967,1,0
86,70.42901649050127,112.50288179861549,35.88189979193601,94.58581681174627,12.293458827824528,16.575749145458406,7758.441538395225,4,0
65,56.00296209494756,142.78267940796806,36.245460219610095,95.08426885839795,14.221575085880595,11.32824213115547,5165.9324238608015,2,2
30,67.94692485669682,163.89858846349608,35.96454464941358,98.27136583690826,22.826228103377893,11.726890663925722,7576.340238156235,2,2
80,100.00199202749803,86.99456578003614,37.4607217663544,94.03884791933427,23.511941005416322,13.220588789650627,5281.240803998131,4,0
70,78.95520747344956,110.28794366077105,37.97190986609651,94.07072856106232,10.242612597177718,14.376786307407565,10581.058109318386,1,2
76,92.38884130541047,179.51159711830354,36.96668112607394,96.76980267683196,17.78492525530473,13.845336933968282,11092.313529728704,4,1
55,95.36788232945393,102.22594670021644,36.86284768503803,97.20154299875446,21.191329533814226,11.89679894090813,7701.766717548342,3,0
31,94.4801052159901,116.35822685832765,35.66508797114812,95.53934425064776,12.465440275147994,14.625437497080497,7390.313751162968,1,0
51,45.0,97.77914206891961,37.821366931794415,96.58826543156226,24.365035596123732,14.161550688374348,6863.027974447392,4,2
36,88.73872634630044,132.50135056459922,37.216954688632,97.2632317496968,18.591894726701437,10.082038677075872,6495.518185745889,4,2
71,81.63241895459751,143.27742222832055,36.7587314296496,95.78614641254694,14.850396365096904,13.398738073349673,4935.578198957723,2,1
37,76.18238316956136,135.71361038223102,35.78245220198544,97.29174009452973,8.0,13.772883573603327,11710.221950501487,0,2
21,106.48814720279805,122.8663960252942,36.826038033458154,95.97519946471151,26.292294389946772,11.337666761547123,4753.367471238571,0,2
42,109.55855438615052,133.40522367754144,37.538436507986226,92.88712795238452,11.679484931670697,12.285849219086831,12548.858218923087,3,0
88,53.45145118081335,124.59661080701522,37.29691708741353,99.78715450767326,17.540650714104892,11.60384727573243,10959.177484654334,1,2
40,101.45526004902929,122.29771619248116,36.521962003140516,94.98621344119272,8.926540401987875,13.120937771105812,13582.908352377552,0,1
26,93.65387360727698,147.6132256446899,36.48498157662423,90.93108063527093,27.012111816168876,14.637012306303252,10774.266561126933,2,2
43,117.64293904179769,101.99388086719951,35.3159363396385,95.0925505906086,21.494812914945186,14.79444656613812,5689.767545203819,2,2
53,126.68909598085094,106.6606685478282,36.277005233715315,98.78031850164736,28.85407950926472,15.2599493965417,6881.101302058722,4,1
21,55.43791551547183,133.8280272684251,36.54313656818457,97.22280390120561,8.311264391699691,11.451185099818819,9913.781965492064,0,1
69,80.54944011074049,126.19114751389756,37.65133616819728,99.12265992535544,17.48958411740138,13.088097299628322,7487.523586814884,2,2
25,88.06315686590489,138.26315312593468,37.05608002959894,97.14568334811783,21.159893870601742,8.077343385622505,2812.014527702506,3,0
26,49.28700970168374,115.72122488005223,37.565813050729346,95.7944167996622,13.722721594773152,14.782784187727042,8138.944631534972,2,2
70,74.2051337101786,129.07491807282503,36.79240165514626,93.76123548857052,21.00632597859904,10.481966853328704,10186.946025398374,0,0
47,71.18730544575293,142.17408470614578,37.23605034664451,96.34502267392087,12.92865358092372,10.230470167034799,10373.656190574016,3,2
41,83.60186521087151,124.24824824837316,37.69542907309109,97.91206192194008,10.262908736871019,12.23169822197235,11195.677210123216,1,0
57,112.07746438053431,142.92474830373214,38.34289190983395,98.3174145751251,16.319877209843124,11.90058866498445,10591.955349961929,2,1
68,79.71129501340775,115.73350977732434,35.520892956130965,95.03498267040624,23.835622258598235,13.94360057814474,1630.1226296817313,2,1
83,113.94714302522773,161.44262844163097,36.965371640254446,97.9630259677418,19.5933510046628,14.232126193931958,13314.774575076757,4,0
42,72.81537905337846,130.23541171656444,37.46157614408534,94.42505271601327,22.932821407169374,9.249254075531152,6561.857996125535,2,2
26,106.73176334891502,160.74537250536466,37.46068464834637,95.26158127162711,10.813964342001704,13.371121364857348,4100.927469162809,2,2
67,80.84903295749346,119.26113959577488,37.21038765483266,98.91628286985896,20.784527578635505,11.747467813402846,7218.225968436833,1,0
69,73.03606857918052,91.72087446820214,36.721228839393966,90.41887803462144,14.898171088006787,15.185419021708434,4792.533780495971,2,2
28,71.47712767886063,117.81618901726743,36.95292286362482,96.71747282963555,16.0086380455266,14.628381997824436,9112.81251358436,1,0
30,99.13066629351792,123.67708384397957,37.72194709853502,99.50090156500656,19.852011228002876,12.927373550307,9397.003347593256,0,1
79,45.43374662297133,138.3794796769456,37.16535736036307,93.44229503197177,8.223135818761973,15.899676228074162,6871.0992607514145,1,1
52,109.2242599117697,164.57722216173144,37.896036261182914,95.42254667684749,24.219198003083214,10.36626725880571,7952.597197294857,3,1
80,72.93197953831034,142.37332674748217,34.75166377685399,93.91103427514095,10.309574963926801,12.299713247025045,9145.064372756102,4,2
79,95.19195250382373,141.26978286160914,37.24518788051512,91.94894661821607,14.062919858424408,13.546747328365056,8767.536645339384,0,0
69,45.20715354653027,100.66766657579277,37.40542592359149,94.17472613736014,18.17720742667609,11.270256717562084,10536.304203773061,0,1
52,71.26909442620003,106.23307609893445,37.56411015657927,96.18600589033782,23.04908507660278,10.944752013344164,10050.922682271594,3,2
86,73.51904520948428,121.10710826487392,37.3810120323758,94.50622040229739,23.55130018371105,15.230335796998801,12479.68056573016,4,2
19,94.1596673094214,123.92830572033353,39.39624139963318,95.22735362591304,16.052715451827673,10.72723445268878,8624.944700805385,2,1
57,70.67307200113882,132.52232693080595,36.924321717748924,98.70879141188446,14.467723854400944,13.29237956321353,9945.515369416882,2,2
77,83.16974881882815,88.56527309250896,38.003196722316964,95.24286584410815,22.301070957319123,16.267040461299917,3028.7833111883156,1,1
87,91.25157103262954,98.25814465791679,37.89081348818944,100.0,25.628304535080147,11.592214272568256,7465.6273544143,0,2
24,97.34251766504808,122.28651167962691,37.11937475772948,99.66130614063724,22.494871785171032,11.587166868664955,12381.830255679999,4,1
87,106.01475686699823,126.07999468723298,36.29140540941874,100.0,15.66680205059951,11.708611260429535,11603.588614056767,1,0
85,64.26405475816892,96.56965697485623,37.66509616488098,94.6721223723263,16.782218457990275,12.509403543170329,7209.72301698755,4,0
34,86.61643190765118,129.93053882269206,38.07690874307996,95.28296592046345,15.676692092028551,13.518384986680687,9225.64357869025,2,2
51,101.37808673351137,113.75796563194699,35.84136078418432,97.40281163113778,19.384331173423963,14.15069690308476,8740.13255244245,0,0
85,78.80121866417794,112.1989150813128,35.80519330945272,97.96662663899541,18.86475901415176,15.351540612643849,7579.409681969925,0,1
83,89.43692238284603,124.88406071797525,37.21855315011575,96.14949250998917,19.695839197566883,11.8883276340784,7619.771552581858,4,0
85,122.4951795648339,85.0507963371488,36.59314030723581,97.09470707705756,11.515175574700244,11.614159030660254,14463.389058860861,4,1
40,75.23907140523764,164.03052865414617,35.98597654520566,98.6618864214159,15.022992900139947,12.951285469960995,9496.020247022709,1,2
57,86.57319070374756,103.90897774752143,36.92564939233238,93.24800090377566,24.885358580008887,17.103034581794397,12174.040339827974,0,0
90,55.83460070068792,146.9468168836172,37.00762537135678,96.08767954133731,18.197457358376752,13.586762262055188,9226.729637090633,4,1
35,83.06881704648636,145.75776330904128,37.070243092800176,97.87671076198376,14.348858360000573,14.786912581467273,6813.356704655134,3,2
41,87.7048230199551,150.36238376899348,36.68146849394763,91.91668846247715,19.74222507162088,12.210133190703855,8295.997444459215,2,0
82,52.05764490594895,144.90964526656694,37.024005531764715,97.69248501376843,16.84086115304141,12.295995354356954,7379.734230284136,4,0
40,62.341640553012894,138.0133893999278,35.84907985322294,92.24371886342338,25.585748400941767,11.115219243971246,5598.883126869352,2,0
36,79.60494585612372,139.71266748511334,37.05561969774063,94.75028796018812,14.837737830249823,13.775767799429387,5592.424963290483,2,2
64,104.32951885779077,155.44902010430616,36.992805903939185,96.84386046170165,19.531205043636916,14.487638569336923,6509.705740566526,3,2
22,83.234319621862,140.6004467160858,37.01095657185969,87.74962677550003,20.853597584721893,13.638988101245252,3987.281521880764,1,2
40,76.88228437029241,107.23737953619333,36.354395272910004,97.19800278845727,20.38428674886686,12.863525112558108,11792.280962444656,4,1
87,116.62419405218529,145.23234754308334,38.22190855671372,94.72431883389714,15.087438332694422,14.681272298879419,5557.06072895439,0,2
74,83.75382252306981,99.29598568511067,36.27218291279992,100.0,15.380899207331979,12.535029861716065,5044.857853052385,4,1
36,69.83071109972117,138.5157209498368,38.037682332460484,100.0,10.528530418435091,12.074628639008425,9827.22129072243,4,1
28,75.06074875259065,94.36429840741913,37.89195642838823,93.32437681237522,25.614554406848196,14.135803782862931,11204.833011487197,0,2
66,86.48633169253118,102.34676914856388,36.97598306883707,100.0,14.599250453382394,13.772704997828356,10469.648962789663,4,2
81,67.38207787291208,114.42729812186994,37.713496125776544,99.95660911287007,11.076764168575219,9.685218779096179,1767.410238311767,0,0
45,69.59609525293304,109.62646214038098,36.932634552385146,98.0580530949795,20.251937434042045,14.946666745350267,9392.418094054285,4,0
71,73.44786975615459,119.5421893937142,36.795974634550305,100.0,12.187117697118705,14.2320037968649,6756.614175180654,0,2
53,86.59712106470295,107.81802008276476,37.97007518101989,92.54345349948896,8.0,12.997855884387755,9925.997095573877,1,1
45,76.43628613404118,135.82050991084728,37.01397413669836,94.65204469093167,24.379162201982325,12.574168492863501,7463.695697643867,2,2
76,69.53638383103396,111.97126698615769,37.383985681912016,91.24590842106183,10.316123894324404,11.592245469366999,9830.865604605278,1,2
57,86.8521759982173,138.1790870901558,36.30778888017511,97.47027254481142,8.430038342649285,14.019161141122732,11491.326307458894,1,0
82,87.74266519699407,122.30293602460955,37.06083527405485,99.7158288449678,18.05906655439065,7.813091727175097,10329.687885834483,1,1
81,65.75662403852067,120.28756953917794,37.2545476826409,100.0,14.18007518912438,12.222001774806538,8357.181356900559,4,2
51,92.92111707280361,92.6689484032206,36.76884876303517,100.0,11.346876850795768,9.2280984548417,9282.313555729059,4,0
20,101.56947524316715,149.36323587980928,36.258032986402576,99.80679203911562,22.983351804541027,14.86351954636915,6523.777958545887,2,1
46,129.31794103013243,166.4596168065496,36.64463808296557,96.75010152123524,23.05277111538314,13.672408167041716,10560.23463785998,3,1
54,62.99166952905787,162.978644777485,36.74085341984493,98.75393775583467,12.968441572426833,10.859921604000073,9895.592859942495,1,2
66,85.55561141265756,117.13544212133431,37.1366128785308,93.68206353163012,23.581429431871427,15.006725808326067,11491.825522685125,2,2
80,73.71605486230911,138.2934852031269,37.501997039526834,99.68424302738988,21.561380673918194,14.186926894549279,4990.255513054365,0,0
41,84.500849471217,152.49411511063695,36.677521773598905,100.0,15.208862322319574,10.53417988901499,9785.102524630354,3,0
55,97.14954588244296,120.20172852523288,36.389427431279934,93.56710592423039,19.112211781156397,12.661700997531375,6873.583889561461,0,1
84,74.66416301291406,96.07448611664996,37.01266493915861,99.02667659483551,9.250153971784524,14.891915117206336,5783.693781235953,1,0
72,104.16275289792037,154.7820783079074,36.707671848940606,91.06280213621675,16.21315225938014,11.42130543598293,4480.41876126176,3,0
62,82.09466229121627,111.17478233629491,36.433310427267,92.83098295503167,28.687108156602424,11.178968684049314,5881.966412637403,0,1
22,72.59328281176082,138.11509510457753,37.722655303027835,98.56036426731787,19.981600960566475,14.568215360391864,9771.193217677876,2,0
52,109.74208948736,119.41277550376886,37.95907732745291,96.1086336533419,19.743397450461355,14.338232798498435,4542.300336113844,0,2
63,99.59121285478923,94.91500212760458,37.67460527318659,90.83615062638196,22.02945883888743,11.732082498535782,9904.672116101212,1,1
56,86.92574675690953,157.5608105692084,35.18135469564407,95.63590067443599,15.070458875683572,12.60818971243908,5844.712537511173,4,1
68,57.5168748842693,105.26037292479216,37.0035356318696,95.26664456699639,23.147216540083477,11.428493396195995,7308.6582905627865,2,2
90,87.1696360107246,112.68673571704124,36.725921744391734,95.9919935683908,25.915708748124366,12.21510490260673,9065.08393237778,2,1
69,65.98486233755173,165.29136974882005,38.38086070381567,98.98279293940755,19.521952951535674,11.273595883638352,7476.719257815513,2,1
66,92.54042189699119,104.48120495204893,36.41021828967922,91.04213645712423,16.91826763189691,8.913020899037855,5434.846263435412,4,2
65,79.73410726546732,135.94425724597932,36.9068079918882,93.8784231649857,18.60356662330925,17.87817216938415,6027.678451177143,2,1
89,94.10476077248504,113.88348239855205,37.95783599550021,95.26301576116974,14.080624459489103,10.385883878277813,9053.100797994375,2,0
39,93.44082039220667,142.09024483826195,36.95307030988182,98.96706272000279,14.555722866304821,8.937698479670035,5394.865203055544,3,1
28,60.247150696656746,110.28896796080097,37.335854208648485,99.04651901851724,11.67697011399158,10.441782319415855,6977.957227090428,0,0
72,93.7404900892324,136.3467013325464,37.663583010348916,95.88008514003221,19.699650658704503,9.946015577536873,1500.0,2,0
62,80.39833785002119,91.23732189967012,37.8405674989708,94.56155756704243,17.0765773167214,11.977439448641725,13861.163369877595,2,1
27,124.6989514780756,133.26039661152515,37.631712771017014,90.3379518148331,19.677449651260822,12.9008964624306,7996.86619454985,2,2
28,71.57685753715263,107.35300227333421,36.80997609050301,94.8744867091107,25.619029253974247,16.022309376882735,6111.431788266427,1,1
58,75.25687398053724,118.69869718821741,37.17709151160559,95.63428843478115,20.40257790940086,12.97254351541544,7157.371912110648,0,0
68,102.13614254028154,126.63483450046289,36.58194302512998,97.8647625910525,20.654289248506153,13.754178444131743,8340.968173646552,2,2
48,118.54739413595112,144.63452284323228,36.609135694654206,96.3450197752984,19.403866523932653,12.487109415017361,6184.021143440552,0,1
68,92.2933677270688,109.90768897965118,37.83455730314207,92.27596308617797,13.80403886840958,11.081494581855866,6213.745602202809,4,1
87,100.94215025972754,153.87116896964727,36.78860132854018,96.07700125795293,18.25199948865081,13.546298356538824,8913.62307128214,4,2
83,80.99539748682557,106.13605543288436,35.26787743755616,97.55769436029055,14.445907923632223,14.419743486977762,11185.453093025946,4,2
29,92.21645269364117,84.5352414941843,37.227623328255696,95.79002470905476,19.652860849264563,9.517741837492455,8289.29324797731,3,2
67,89.5391944654293,99.69840008062846,36.396053205913056,99.78496084288267,17.15992815641903,11.403758938823387,9238.264111861794,0,2
77,56.468181517865894,135.69908589627462,37.192557049511315,99.62099298976088,9.710069589524515,16.079356022516812,9105.424570396874,0,2
83,95.57940829443152,134.77728672477247,36.398401801969634,97.44776479675934,18.11489692110644,14.507631672550714,5221.468801484936,1,0
37,80.3003892233946,136.74618637361496,36.9486705357396,93.65127957946984,17.319984613013688,15.74265743108539,7131.847192978473,1,1
25,87.90433686083117,98.12382620104177,37.99956194992713,94.30420094739067,13.092984370058758,12.92589447179941,5320.962816706046,3,0
48,106.24719614106516,129.24253593356065,36.59247728759365,98.92760712738367,25.306351789126282,11.99701738582977,10848.230360813563,4,0
49,98.21895933957565,111.9026894262332,36.64154388853566,92.05630199877201,15.217115866515346,10.82103317446636,7715.775115574622,2,0
23,81.24526988783045,140.79967133731424,37.2712875023491,97.8869668065781,28.92673620832396,11.934995911421916,6623.012700474184,2,2
70,85.28233090474946,104.90675165531502,36.055909241233245,93.61853478933209,23.510018320833673,12.440001995951166,9625.410188309184,1,0
83,84.57750132996128,126.73983040534984,36.17855326038277,99.70268977206692,18.15611039851845,13.280825740143923,8042.351074541279,1,2
48,106.22010863521058,105.24636560096857,38.132444164092185,94.36177851492195,24.915307114496187,13.184241279734493,6466.466512003978,0,0
87,100.82346940974209,114.93707110689624,37.850216679549206,99.88001886370147,16.955704684060336,14.143911431527908,5159.223036657154,1,1
36,76.57175398229599,117.54006514000504,36.51833732129265,97.38914736443763,14.202255881656914,11.835461603225335,4471.391514855358,0,2
55,83.20018493330655,84.81946531546919,37.02760293764252,93.05152004736156,21.21576630852727,10.04050546005741,1500.0,2,2
55,66.3800440959301,111.95441312783475,36.776068665064486,99.7650112335687,15.319022304280114,11.275479838033243,9080.638498927849,2,2
75,103.08707734997974,137.68822019697993,36.12146078333464,98.55495578198241,14.15882096180875,10.304364007801727,5052.351334744113,1,0
73,88.08331688395519,155.18830463734082,36.435362530991156,93.86004362020158,21.28198985948114,13.47418840314692,4817.074416581795,2,1
31,107.6860481741121,126.24095391709193,36.57948877413112,97.99347106905927,16.31657766283776,17.771509626180446,5864.832129362852,1,1
49,75.22362479042161,106.8238884329952,37.13933857573748,93.89129907720752,14.787340741928485,13.478625208604596,5524.53153909494,4,2
73,102.1028388571873,85.37680409802758,37.41341680854289,97.54411304927265,13.02413585718412,12.12084110848195,8457.691377785539,2,2
90,89.29079041985503,100.43974221224198,37.90922290030335,97.12470131727575,17.741719366454006,16.293229865838807,8331.389490335947,4,1
44,103.82079508620505,139.23776851028174,37.29060162929523,91.65258037379266,10.495259109015587,13.9509011023835,10303.789844254641,4,1
20,79.20801614511892,114.27910343930174,37.53586725256009,95.2750853822967,22.195049151439378,12.442431769284358,13521.806948503567,1,0
82,50.75610010780653,148.29071383551636,36.32955682156599,100.0,19.9270326104403,14.497376751456489,6483.088294639183,0,0
44,95.88682707852925,83.814693326574,36.50510108194452,94.6686831183676,14.501818799491105,15.319517388036191,12523.78640259718,4,2
71,64.98733529313046,108.17149439725229,37.06771493613443,92.66559669486224,19.136634011269482,12.819316790220665,9017.248873951425,3,0
61,99.83307688016875,103.77272347377229,36.18426267680654,94.05343164591153,14.91544664378122,11.290150623828927,6952.205890128872,1,2
42,61.577156092902925,157.68143874272835,35.48442008380562,95.29463636099803,8.0,14.10820865869129,5532.379240045109,3,1
28,91.75095107653021,94.06220322853952,38.002966674730686,95.58742417199215,16.365117659284092,11.908819115874733,9151.979075500345,4,1
86,71.80201960469303,127.5465534760443,35.925824458649195,100.0,17.01501551547887,11.015319162461626,4526.963534828701,0,1
66,79.17590844440446,149.3789542583544,38.17468971159227,98.75948567165203,16.1514839816501,11.380019834588696,11334.907721516955,2,0
50,90.84158685533373,117.06720815911922,37.893961653656945,98.08360808694323,17.8521685853709,12.572648592207326,8275.10201178512,0,2
80,64.55288600174853,118.79535184610702,37.04186506771604,89.38350670014032,20.059200887472773,12.0856774563699,7070.697305007125,2,2
80,93.25008331209882,96.58882799322782,36.04727723136029,94.43522496269482,21.800065405177143,12.489295884353892,13283.24580081704,1,0
49,116.52458919598973,163.05091119097136,35.32415841288672,98.04176074767494,19.75415832782668,13.5093880329979,4087.4747474560922,3,0
89,69.76215255366824,117.28960687112544,36.07962585982523,97.84653128629745,20.990212202074485,11.482336558897442,12523.467732660687,2,1
82,68.9239529181893,94.77619518877543,36.97945162840553,90.54534040002453,19.276760430885506,12.03662784577161,6749.721541788073,2,0
83,114.73696452719062,133.10938401074043,38.256820792077484,93.07367508214317,21.836402507983447,12.240438822034744,8919.149104700318,2,1
71,79.92624255937503,126.05657741251217,36.31532505503665,94.58126648937495,10.838379644708589,13.621826194925196,7367.563084509844,0,0
60,107.40876679524833,131.55447066168045,37.519443440988596,99.57263024790166,15.82067978171633,11.159206863518863,11661.641288310177,3,2
75,100.58378459040162,132.7500402331425,36.727930793972234,97.98355365978186,23.414188439121034,8.72239133352052,5794.440515311673,4,0
63,74.14505123606709,119.73194755858461,36.95248335483604,98.10266928795112,15.724235758803568,10.927753883301907,5248.790492880231,0,1
29,92.24961552041134,118.9339384537136,36.712741357071536,95.60676291132327,18.232379107303235,10.426526955830933,8353.947582949686,2,0
79,76.7051385613793,97.0568002408925,37.450488729275406,99.84666146046446,15.127421385906016,12.974501457541368,6279.627831460964,3,2
68,84.01421884149671,155.31638605687291,36.648050662455205,94.15970621649048,15.655010085290133,11.512529643063171,8441.041402150107,3,0
32,90.2416680248943,107.31737427859417,37.00196193474759,96.6891185970072,25.477467998614394,10.289237555941233,6302.107801763537,2,2
90,81.82410423927163,118.12042025774451,36.45701838533914,92.88390422136082,17.663149054522236,9.609794061580619,8495.54812070229,2,1
18,65.29941126440467,128.93848504707245,36.61474004442193,100.0,24.271002433920696,11.950389577337294,8182.94412597589,1,0
53,55.07145817275574,157.94125531519853,38.652885775400925,96.28679267583834,22.44404882002574,11.337153316742503,5793.651851291931,1,1
80,76.71440301849077,87.43822988730923,37.70400073998182,95.71836016494035,8.0,15.27760938588898,5565.250565516517,4,2
49,128.66273313718753,134.50365318999025,37.39931364803806,91.84337785726359,17.637514330218675,9.55444098127388,8393.531117899724,4,0
82,66.67289734045596,118.14947989255396,35.02016501919035,96.52290470149006,19.481305097367006,14.650231956970348,9008.7228982579,1,1
45,85.94983984261472,154.74517518714282,35.76239416415304,95.20822899184321,18.82947074493473,13.89794939242119,7540.97332789575,4,0
78,67.28425363419717,113.00812185379614,37.05880280338573,96.69225551070082,23.084127855510907,10.32225612315938,8816.97011469472,2,0
62,78.52651247788465,120.58638118407794,36.61556443291833,92.15226879238773,24.05428110409469,11.244234527611598,7394.161974898217,2,0
69,77.33326431844934,98.6057804202458,36.14820415483507,94.40473743564704,23.430786649589038,14.98524961542549,8592.646300929335,3,1
69,80.17834748139042,95.7200077218951,36.51798520814925,96.80098508453564,14.417609573302093,12.01825075563238,5494.072367573852,1,0
82,110.27585312765851,77.64017517964199,37.23451701775995,97.89053829675387,13.78128125987412,11.202493996944575,8586.035964960212,0,0
32,66.27580250759678,128.30723679872668,38.37431933357546,96.9884542198266,20.718295238012193,13.282374761158607,6440.17336510578,2,0
51,109.67550077941891,101.47491349682919,36.06667469514681,92.10407200681286,17.869436954918946,13.900043095042953,9259.458605962476,1,0
19,85.89001797388254,109.84938242314163,37.17797549743958,94.66399510229736,14.689568539670685,11.337909287991236,8897.408203989618,0,2
35,45.0,131.88936861036441,37.178770832355866,97.7367391602429,21.715467108647598,13.580055158118117,9211.866676038295,1,0
59,89.43785885123363,117.22586062367971,36.30537163329056,100.0,18.478232818994233,10.852564117738165,5525.396242927228,0,1
72,57.548659484893534,101.7390134789905,38.025187660240185,100.0,19.691843468961213,11.752141268409297,10477.287667179742,4,1
88,88.48839932081745,151.36157211244034,37.37303012574265,95.63994108433387,25.324719205110018,13.638417373317832,10071.59156206866,2,0
55,79.6211121441336,147.739791413536,36.4904838367858,97.40385078002457,11.394823261277185,13.29064309674638,11759.737315604532,1,1
75,89.68539859351179,112.85948917286926,37.845442772782604,92.81868802324323,17.18125073450537,11.84823854966714,8785.582497408084,0,0
56,78.73957955351969,136.18739219329285,36.73964716179409,92.96843205079503,20.998242021088796,9.149483167988219,5694.167246817058,4,1
43,98.25275257076397,113.13749388797144,37.39054294855289,97.7947018473767,14.910847494723154,12.678048944043116,4972.55407066852,1,0
29,54.47361645170173,127.69568662275773,36.409966360766184,95.115148321961,27.47558566611484,13.820607683457691,7004.775465066465,0,1
74,70.18143735484361,103.91833594554534,37.751633175412046,93.95855793239801,14.619599216352533,11.160685793943234,10026.157675217662,3,1
38,99.5284088211366,140.19029034626982,37.443853755696686,100.0,23.375463058464987,12.010434576521185,5853.239406422737,4,0
36,95.58169640730172,122.88636180543833,37.22106533837649,92.59691662772343,8.320031469952411,14.17459996307786,6641.55431348092,2,0
69,75.01609585046559,140.40357348139065,37.71477993054649,93.93104058867269,16.702733475200777,11.491873566020436,5540.621515988072,4,0
22,106.46888093206263,107.88720898891323,36.728113688263896,96.17952518125159,17.367418024172988,12.080939843863566,2483.1242173030078,0,0
76,74.92114940968355,109.61151430601232,36.08835514059333,96.86503584876391,10.68515730205462,14.646687502345868,10135.293525877036,2,2
88,99.63855561527384,106.85779604659083,36.92467469893555,94.62110849916304,22.287367203386864,9.928641406337176,8429.610720918809,2,1
24,103.09160479265887,112.67120754570247,37.07408608320109,93.6239963067606,19.517840585589656,12.463067372283316,11017.099961738759,3,0
82,68.63297669125006,126.30294171855435,36.99074693068439,93.49946998423685,10.683916021094529,14.072270900953594,8343.089124909191,1,1
39,65.53020158174414,113.73740944761575,36.56750385832777,99.82152285218434,19.898701012965862,10.302421853303672,10341.895295606526,1,0
69,79.11484476134049,121.5990923291218,36.323166522377974,91.02506946353205,21.704855516881324,13.139858301334279,1500.0,3,1
74,83.36588418759791,109.33800055933439,37.81493684748905,92.46203710739806,29.460828928414728,14.147731134328767,8860.954024958162,1,2
36,71.94941414468968,129.96224039123737,35.85012203782668,100.0,13.60166311400194,13.429130487863631,6292.220703751005,2,0
18,64.36160829216621,129.45356513297537,36.856614464628954,96.73861644942957,20.13113697842359,9.976337887946334,4455.310768858433,3,2
19,70.31732321802293,143.60341509627597,37.31913107624631,96.79256883633231,12.002548597565479,12.164101327469508,8977.80432571617,0,2
74,75.0300096813723,128.33889567032963,36.66548248301791,98.07004530746234,9.585800440442828,14.739971002376533,5554.651112256652,2,0
53,82.51195548026092,166.65187782249075,36.88987495313149,91.39983416471745,15.917125867077116,11.431121975049798,4342.104810545213,2,0
52,105.3929973724757,111.06932144241874,37.46268342519201,92.3117108731892,14.09502485178198,11.472261458664917,4336.297917438917,3,2
41,95.77757031895659,164.10515150899735,36.82069861503025,98.69405275887155,11.879064829763077,9.925995809336488,10566.17998965552,0,1
54,73.38692875692453,120.55896102966543,35.96444378124825,95.35058388973012,12.894178373392029,7.875336577656059,11632.470892590492,3,0
23,75.59631206135708,143.6968720522055,37.29182262183514,94.40244168140461,20.118304488446643,11.456752619639051,8082.841163820832,2,2
19,68.87416207966031,123.85978061435598,36.75712019322641,93.08548351341297,15.399409106578933,13.94071941662352,6543.522971130142,1,1
84,88.41632102181576,132.53405893583144,36.91893339882765,93.27391629047887,14.97534506151638,14.910820025137264,9527.828056362936,3,1
36,57.629037415478095,118.35201134995863,37.35637897745376,100.0,25.32914516953014,11.696828227287515,6809.685263849381,4,2
41,97.03638788566649,171.7832300116814,36.28211254048156,93.9017161799145,11.38517436049564,13.039499665612416,8246.015106303197,4,2
31,90.49333455391815,136.1362674465999,37.53214709354797,98.5683389382999,12.155814188596962,12.651418518830264,10759.64992710983,1,2
60,84.11930943198196,141.39091979422372,36.75075303545838,100.0,20.048916945346146,14.026505142227872,8625.47291678439,3,2
48,70.31176833719199,110.09114920908411,37.16428723937245,95.97617269589092,16.955288458921906,14.946908385299292,10848.168131906075,2,2
76,103.40346288217057,149.60987956712452,37.10451817499841,100.0,15.089545191624767,12.23063159003352,4940.840871076194,0,2
32,136.36943614399925,120.29900872384454,37.12458604663496,98.51178750740603,19.55399126486554,9.768851228390776,4245.516624479293,0,2
61,79.59409632544391,117.82344353725391,36.99656752399875,99.73733921322386,14.866166146578609,14.838353512079665,11127.395544279598,1,1
89,46.734161035587604,102.49552734349096,37.43131300093167,98.86668950647312,16.01187115319585,16.679758186451526,7393.782022100885,4,2
77,102.27743655845171,137.5589724734916,38.19880284877276,98.53979464732504,17.541896482116446,10.460442354983341,6582.923643065928,0,0
72,84.09283673376012,140.0918201929172,36.757667296457065,98.74547376635087,24.223301871769703,15.166379556740713,4225.6472670224375,0,1
66,80.65803228096922,157.57438111454093,36.752639645984296,95.37626586389602,15.526026275503021,9.690016782563712,7401.917379325613,3,0
40,95.30183400551554,109.14847998687719,37.10475613398815,99.34544374398071,25.890132715397506,11.005852052495662,8317.69810740504,3,2
44,89.76597919977253,132.77259433188306,37.571236983647694,95.31985820378908,19.889763650966273,8.409251639198093,12907.751020343938,2,0
71,56.73997314002642,162.4845342414007,38.70964133127184,93.60518996282757,16.343153382088254,11.32367164054655,5201.367392448579,1,1
81,76.19229267164445,135.8244303594769,36.362708682480736,97.29301677829402,9.154348338222432,17.28019615398682,5995.720023516855,3,1
29,80.36146840350827,138.63337926300676,36.65153348197665,97.4058107553625,18.336555505154003,7.90441699186844,9811.886215121329,3,2
61,88.39867643566657,146.39551092089005,37.38866078304415,96.89465131953236,17.429353722583883,10.530820440465385,10869.347242225143,0,0
63,66.59335507264608,127.82623038998486,35.34838213605757,91.94145746425563,22.248241968096536,10.409913365608768,4136.2753448947515,0,2
90,76.58149860239274,112.17265075503278,36.770261559289345,91.86710022716561,20.871693625383898,11.712968270025359,5697.275681576754,2,2
44,79.73564458847383,95.06698406062242,37.47964897259288,96.57465433403252,16.532332340677186,13.071687401397561,8933.967014918979,2,2
26,64.19381229177371,148.30375616157357,38.03116358331206,99.65890328393385,14.368702760001149,14.16422598495428,6711.821846890343,0,2
63,65.72680311532207,135.5179171169,37.26306274061664,98.94948393554394,18.48555594071744,11.956713468831907,8738.734003221478,0,2
39,74.56207492289067,110.4980490960432,36.554742390022724,97.21136234941588,14.533922288762703,12.437537803257248,3999.2799565849587,0,0
32,74.3421376633911,117.42501176342874,38.32858678953201,99.5398152636848,11.790217875311956,13.985302194850103,3638.3655052137283,2,1
60,76.27683985855421,145.97850492941768,38.55106550020595,93.9802983871204,13.66716662498062,15.43405524134076,9588.433605978851,3,0
24,118.98260361361378,110.41970862993679,37.576321151658796,94.33628838053954,14.3575017605069,12.906585485007248,9873.425544367225,2,2
51,88.5412007702131,125.6418982562154,37.24104036295808,97.31637128716214,18.378136622072788,13.67660670576217,8053.444915558686,0,2
84,102.01596129159536,127.51682439637923,37.03369716884997,97.87804232780351,16.064344904640734,11.427910765351282,8887.365274846698,1,1
42,99.86613788559775,135.31864996660923,37.08262689985145,91.41699085988158,25.57603392654152,11.77365121957368,4513.678744849947,1,1
30,124.51176791676815,116.17233042426722,36.8119424087526,94.71534017387779,9.31301927392169,12.033318644737488,7374.120525378519,4,0
70,70.68682262641889,143.61935627470365,38.3720654790916,97.45842168396555,20.152272075927527,12.701595443032557,3759.0586495646126,0,0
19,95.72586345146897,126.8618091788428,35.86427515327365,97.43277122420973,15.517476043063162,15.951138863014943,7552.266301800115,3,0
44,70.89533438754478,118.96138840393037,37.08231787423864,90.6322023199557,16.035133120422664,9.463167004440981,1500.0,0,2
49,82.54564094089903,117.19234566711236,36.5223243928774,94.52276873593716,15.619290851241125,9.037134143406679,5599.876925097609,4,0
42,70.51428805553402,134.12520707174676,37.5594679555888,94.97063683277857,18.013674504853082,10.224058599546815,6333.94825324521,4,0
26,89.31493379936536,119.07638584213991,36.772325685333676,97.13336737728723,15.076641891066107,11.693943368936887,11262.943505754003,0,1
45,102.52318254379179,96.79244877167841,37.10764542050972,97.96804352208146,8.126082099606483,11.853985891299597,10754.459755042351,2,2
67,97.18525168397017,136.69952520832868,36.307339700385455,97.37927327904465,15.369354359607033,12.788700408596391,5563.646904105196,4,0
83,76.82867832068605,141.81684044475486,36.970214161073876,95.05488831964631,9.437337360033784,10.159179130878254,4639.7486154092585,0,0
85,65.8968955558502,92.36708888125139,37.22646956738213,100.0,19.29247265222065,15.610266016575352,7652.891319085556,0,0
64,62.184716461813736,118.18198525391763,37.43712038714345,98.04456924774763,27.914586189206343,14.30182920358629,5297.510350880516,3,0
34,62.40188702221578,151.70362964284564,37.237750672989314,93.75803863502769,20.278672923420288,16.04778048524627,5069.640098122367,1,0
73,84.21085037862163,100.8467505401279,37.121641850304,100.0,24.353836102400976,13.363866209292677,8548.994254050785,3,1
69,88.20374405048591,136.8525565796552,37.96807775909315,99.75308702573842,13.766160323358356,14.880355533697882,11628.501054964478,2,2
41,79.87294172259882,125.13974599671273,37.08189726701732,94.48809270513748,17.970888510285622,14.422477601546591,13349.556974195537,1,0
61,101.79035992877854,115.07806721445046,38.44759704131407,97.31795473557973,17.696440164991387,9.580681905290541,9695.496239695687,0,1
88,94.32022005780553,145.3093048974137,36.96596371747862,90.30686645214809,17.68287173363545,13.897646165688398,5413.046837678183,1,2
66,73.14523120691625,120.16934521306956,38.005932288944,94.0564502725631,21.608338548070066,12.211014502814997,8186.094848258848,4,0
41,72.57684694352712,72.92622694715865,36.42608455307923,100.0,18.172825154607395,12.106309149309366,10917.302671389618,2,2
51,77.93729746145016,161.27302396115795,37.55208330527027,93.8569553659569,22.61627113792257,14.401133360369483,5133.046347839585,2,0
73,72.90222287451391,124.64795582414325,37.578130338385634,99.23140372477653,22.673815458303267,11.847021477564308,7830.37753553143,2,1
43,101.83557832252608,110.2294512765942,38.17711171201864,93.56122947778576,13.710992725518796,8.926896283755038,8948.86614851334,0,2
27,97.68247845358597,116.49289113198925,36.59813457470047,91.05853926103268,21.90862905103492,13.614101349184303,11138.41498913406,4,1
77,87.21165934337141,116.68262744456982,37.222163217462324,99.57683848791477,11.77274091860902,11.424751633800438,6171.443091915598,3,1
76,77.08203446894107,124.19024568284439,38.00917446288579,91.29576320076488,22.77650367583395,14.169386351746091,7002.84370002628,4,0
75,66.74835319140941,123.30273498746415,38.059780507330544,93.30681241496288,18.390471512128236,11.865984249975511,12351.350291570707,0,1
58,83.04307834033108,105.22847559163517,35.82984245107332,98.87067322949176,16.37354789081072,8.122984491016794,3897.759634028775,3,1
58,86.43402808091545,125.53671214270068,36.38610485850797,96.35232537225033,15.291803861390061,11.846251382856902,8184.049768835541,4,0
46,91.86908543903638,153.97772004590857,36.82616416287819,100.0,8.189835574389333,11.861479760529676,6005.463179442083,2,1
67,62.9173004353178,159.01295912399277,36.62434659667646,95.01311889256299,14.478382829880747,13.20340950040729,8002.2764251619865,3,0
35,120.09293763162219,124.14939836045428,36.735436563843855,93.92736267330278,18.757932172670607,14.888745471259007,8678.393816707377,2,0
19,97.44014979531258,142.01926535617326,35.937665441428095,92.60229695550922,11.544002864025316,13.00015207567114,4901.440567542884,0,2
81,95.22263892304969,125.22998769137644,37.88149319659524,95.53315920799258,27.622455296273603,11.149636436720447,6339.16983190214,4,2
24,70.93183918417543,133.25279769418336,35.82229788441056,97.3728653715349,23.9574711962364,12.337009720886615,7225.3266661035805,0,2
69,82.03356084430585,99.96876921392132,37.17421239152354,97.34176035088079,9.962344138669662,13.322436339506556,7697.813940984162,4,1
56,54.45676724004481,136.70161368179362,35.8211800848357,96.93665418099783,17.622905199996346,16.616698305981693,12553.151472219535,1,1
70,62.79363674787798,133.27143566694335,35.61373375674982,95.66121655880146,26.595490791121904,11.396694663073092,9037.700108012012,0,0
46,102.90533225139956,122.2403331457503,36.90486281525796,98.40239102227285,17.578949077210535,12.984679416520748,7342.800538137247,0,0
19,108.65297009911458,84.08170827549353,36.38814971741965,98.31028348514589,14.568410938093521,9.583156065490154,4646.351780389477,4,1
58,87.81233382514162,114.81186279658428,37.01857871828975,92.01619577802825,22.182590658074854,12.21741094601669,6181.546164171119,0,1
68,90.92236641302378,110.5835663841739,37.30313586468088,89.34515310837128,12.943439373725285,12.997602069769185,12768.845508076942,4,2
28,82.41062827421982,130.17426004182494,37.56391853180727,99.24728626483636,17.588874959784356,12.569840478380199,7266.355879570703,3,0
86,45.12216195102814,126.82020967032604,37.66773715974784,98.97355931990748,20.258774385154467,12.110904963368885,7388.19885411924,3,2
55,100.21783591859902,120.7360288459894,37.27004849303222,93.72937416653548,19.016468231999493,13.957490468760692,8858.388154590128,0,0
88,82.2421191051886,113.71185694095037,37.20689429569086,95.08233455884195,13.90580695177691,15.785529629434384,7838.474129341075,3,1
19,94.60927778248778,125.54141133884194,37.844255204739504,97.6960324331451,8.0,14.650112731711438,11512.587156924721,1,2
85,99.50878939292164,148.2338074144961,37.694984718416535,96.86759861941397,14.98201009801552,11.421062537614173,8532.89016942349,4,0
42,105.29848057887041,138.48421186598802,36.10107206994561,95.48551968097733,12.53488941421838,12.758727562549051,7859.00808160726,0,2
72,68.57331786105819,129.65735072623704,35.41718239086528,95.29719630437664,21.225152559151855,9.656585002896703,7509.103672054219,0,2
18,104.09136320266465,102.31996643517938,37.50447791349006,92.11473060790446,15.888277796325932,10.678863061553514,8771.070576614564,4,0
60,94.23186802604626,133.62077035735638,35.66867893542852,93.96550315211657,20.96145863468401,12.58605344113353,8202.297191571899,4,0
40,86.46420658817647,144.23275690476802,36.95036274111077,91.4154973231874,14.172733261253356,14.011437616391957,11406.590258974771,2,0
41,96.52099681682117,143.97110614227,36.37090103251852,96.91471131688813,8.195540287714644,10.008027635594061,10818.776676225021,1,0
26,99.92933469785822,144.44456956984158,37.09220965517654,97.15076415230791,21.269968388403942,15.14218067739893,4419.704774610243,2,1
27,70.98543700539557,139.27199605900105,37.66489679158375,94.38505954372485,19.689054729804084,11.05633967385977,7494.4598395196035,4,0
56,100.44304207495567,155.92552245487826,37.11384870259733,93.7563329332653,11.081071844637766,14.727282673703517,9854.459739587668,1,1
49,82.695531437304,114.07124376812288,38.19983915689394,98.61366726177135,19.199281838064046,10.407188399231371,7996.321929297994,1,0
23,60.826249241051826,109.58453480959894,36.786897598628904,94.51853600423904,22.255089788974555,14.165550730538255,11333.553274125303,1,2
20,92.1391595866327,120.27790684999171,35.65184965253216,92.9707028915158,9.446249028905235,10.547511789730056,7417.056029155536,2,1
83,65.77559100140759,123.45657272598251,36.779318294698626,93.44715210773212,11.717848866096901,14.474626707440141,7789.480479267677,3,0
89,101.64000690487033,135.98255874583467,37.53175053580915,93.50382896986632,18.70296747909457,12.431613163223844,6011.276460707331,2,2
65,96.43539443357035,109.43260135773293,36.151657610362925,98.84433351769542,11.136885501786725,13.291943249364863,8358.480202547618,4,0
85,68.48383196797165,70.0,36.48443823705256,96.00299261331679,16.03710123111317,17.3752085723055,2144.684929113534,4,2
50,80.74614043816014,117.00062344216128,37.712267424084615,92.9308732496331,16.2549321938437,13.816416404913355,11000.74733973183,1,1
67,109.60277489575591,81.4366313662203,36.55069517358774,99.38555458358654,14.41818080636721,12.438034681974877,11225.298725725872,3,0
56,74.58933995151372,148.52145064876157,37.30448852633324,94.17382784824345,10.289867605232423,11.872019359028874,5966.408005130558,0,0
58,94.94008034577604,109.2785871954737,37.59722166613461,96.81905878555571,24.929248133825908,14.99954044291483,10219.984883411931,1,1
47,105.30394926145283,111.46149142893967,35.84159056169278,97.93961713165507,20.576966338242944,12.640974328085365,7790.57032176924,4,0
61,76.59495438762272,151.06868278303722,37.14065069246328,95.77704120269401,21.964382013371413,13.08964978489543,12473.621105059305,3,2
88,94.11598433768361,134.0053131258159,36.30663224208198,100.0,18.277627161871568,15.01984556755698,6218.625681411635,1,2
56,76.09900108383756,106.30068294617911,37.73110521505784,93.97257697187962,22.268980175475136,10.139298898546434,7507.913937579007,1,1
70,65.61017322875836,93.44252819406145,38.01113234119152,95.11961252658449,22.220419688978627,16.508523040202526,11569.542937672506,1,2
56,57.91714161078785,103.055849013656,37.33784465928372,92.05075333317734,16.757888764362665,13.295415968049868,9885.720142078224,0,2
84,78.90022256323832,129.6035042291845,35.96071979255498,96.94395068048982,18.08624448602404,10.43903324688541,10121.678637208162,2,1
62,105.84359810490506,96.88173706419666,36.64401858100467,94.76109806227987,25.88689436761689,9.613478132772705,7953.736270123644,3,1
37,78.27653589447615,122.36801264686723,36.67109771809697,100.0,10.477351654712923,9.308367907462841,6624.755657869937,2,2
63,72.61173239084808,151.27450404034124,36.62675629820559,99.51927764787285,17.575892110872182,13.516010423869997,9617.974945836808,4,2
70,66.93160074994543,100.7898826988871,36.590392545357695,95.52060588777607,18.25585595296469,13.533666423900984,8075.217311750928,3,0
57,58.06213570121132,76.0302696691505,38.40399569233263,90.83338760074123,19.027782370134116,13.256544396509101,6832.729559839474,2,2
82,77.29958209632632,137.3366118026729,37.33285694273659,98.32550605933059,19.955223616194218,11.277914169397091,8818.256366476873,3,0
30,96.54557842028682,110.22223959625313,37.2106875418576,99.78524735695744,17.630931332292477,10.903307293326947,2576.2608313798346,4,2
28,80.59277572981878,135.03829445778146,37.16887120301682,99.40847893487327,22.54526745536298,12.907060369845208,13168.625175403758,2,2
20,83.7412770137719,99.24369071840766,37.92227636964506,93.20682305243783,10.364847241634243,13.263253422769553,5613.053767662901,2,2
54,88.93144479320732,138.04756269846473,36.421405585727,95.00786476206851,16.057074185847004,10.414756910935482,6156.8405626922395,2,1
89,82.27409162464245,129.8740608117503,37.301312781010296,95.27605342568135,12.306661210721348,18.052165584265943,8866.842220056367,4,0
26,131.12188589158853,163.64506966003148,38.02343147184352,95.74758649397354,10.347280003141924,12.504583770500197,6167.822329321864,2,2
45,100.38886553091791,143.63404502952648,37.745323277610574,100.0,18.465534514399756,11.451216654314518,8454.386509123156,4,2
23,86.95544206637625,162.47330722835278,37.253949661069846,94.57927121613814,11.69219928385126,12.92104230697324,5906.668530444784,2,1
58,95.46077252321216,127.5750878792733,37.390564659426694,93.83847483465311,10.382986407467843,15.433437111160439,6827.056980966615,3,1
27,110.48985360362782,121.79996332595869,36.77832318216793,94.88640384539521,12.875041645374095,12.86827129857875,9616.898818282556,0,0
32,89.30367722743532,111.7432834757682,37.00526373820808,100.0,16.69956956661232,11.408064837431356,7876.723717354094,0,1
52,106.05459523254899,117.55530648980715,37.177166442313,95.89350545607527,15.415230427440306,6.98684985296958,10674.815849106388,3,1
31,106.42863140728697,70.0,38.33308213299032,89.58547725550218,15.940266121537244,15.10564722834174,5268.498805268825,0,0
58,51.8380311330336,97.94147653143719,37.82146998936573,99.00309776721909,18.559199897834812,10.46468180611777,9159.265752098278,4,2
78,114.43100028682055,136.30631707577206,37.13580947417882,100.0,24.55506732269425,14.370785060829924,5586.028576137136,1,2
30,83.45464467650824,168.72203608490608,36.50334947213029,96.0565478135324,20.994103190023587,13.735764481556156,11802.398209890545,3,0
71,79.42397151792515,97.87939704795446,35.582545312610875,93.70722958475562,23.282171760737576,13.280975927870724,8066.941055675728,1,2
72,77.7693550443993,95.10968403656653,35.585217002795126,96.28392880908828,20.595678696323127,14.419479137355605,9031.345404196363,4,0
86,67.15139841648539,113.23978814049252,36.905434898309366,92.33069876045415,24.716756625522454,13.120935516103199,7460.933545345904,4,2
50,92.0814819472632,161.13227533574388,37.61430830695281,91.96494854114076,20.765989963125936,13.597916806379637,8394.930723892561,3,2
71,61.01940447443888,125.54375260698464,38.80219370913505,96.69884359209742,15.67848066070938,11.091567761656458,11090.103891122348,0,2
68,72.5801137714223,113.46738461957497,37.83863210700115,98.57957286393426,11.571895974511957,11.63437601931735,4602.736823749733,3,2
88,83.91093006828511,133.87509150085924,36.98690741314159,98.3958208271354,13.079603261380809,13.291996547028619,8221.127393218338,0,1
90,74.95884143202257,146.86615213160812,37.29330257520561,93.82545539092126,23.08164054624688,14.274236669914139,11412.265635225816,1,1
81,107.80602207925104,145.59775702079418,37.21190683088716,99.52104582261433,12.885356669854543,14.470104418437108,11782.823860843942,1,1
62,81.21891886335425,119.56847374708515,37.53128238371574,97.51416520101183,15.835533620780177,9.899222574051702,3727.936817673807,2,1
35,73.43572587936089,74.79900766831963,38.0643558014186,94.02467129046849,10.025073588978795,16.187403894009186,8816.646233480678,1,2
27,97.28978087347352,136.53323783904972,37.87903447868726,91.98794557705027,18.045993442367347,12.022842833274767,8947.59159300088,3,1
51,79.30781218774082,106.23390093536833,37.235306262125995,99.46719982298974,24.933902511308577,14.353051106836565,3816.3098779156558,0,0
86,67.41171820907283,125.69703060839637,38.421002594754746,95.70141342731911,21.18118310360426,7.531721566120421,7803.33237335692,4,2
20,68.64272382464127,103.31768473332187,36.54833372236731,97.61252762233873,10.500258720220248,14.007175959169935,8583.976022804656,0,1
61,69.8017738593879,184.62660696753244,36.11713221927146,91.43839623542453,14.329323373791727,15.311765795678056,8025.614716717102,1,2
35,93.81981202102547,147.3082506792361,37.26145901251886,94.78559411732469,8.0,12.95843866623894,5307.874650277459,1,1
35,91.5354044148163,108.16106523966674,37.525370382011005,97.76507811600486,16.323417669850347,11.615510539815944,8955.280933030592,1,0
54,126.6595308546959,70.0,37.55602990143889,99.4155935762512,12.36338469033322,12.84251824148231,8411.745432944323,3,2
27,78.08827721242038,137.43977511112422,36.68509867432142,98.81225047068645,18.453552296708835,14.053898442431777,6593.653751578768,1,1
38,84.94071362588232,131.51349826453537,36.916125633655454,95.77505895677514,13.432433413266866,14.251650582684533,7904.121030309802,4,1
85,84.23227216493467,117.94004394266202,36.71888958314571,97.98822628444012,25.962921114819846,10.43858406967721,10471.28819864317,0,2
59,81.2648998101055,130.8586719978797,36.258902053003084,94.65054619718963,20.743415310071274,13.315220015283236,5866.222145714934,2,0
63,59.988090257243606,104.81169470595755,36.87171778546286,96.52262514096805,19.77081134792506,9.206359993485467,8197.275247206891,3,2
21,77.09030963515768,134.71234289126548,37.16159340621819,97.95350151803376,17.341771558810887,12.36640067228945,5840.177061873899,4,1
62,89.52229091154562,151.1633639059695,36.13507710658704,99.00054826786189,14.216848899572655,9.4408477620719,4862.691529377675,4,1
53,56.12386724848923,133.9889608495302,38.95534580588054,93.55065623742696,20.74368855869041,17.709823196120112,8108.5393149845095,2,0
54,75.37652393021443,176.38714001418003,36.63978000363075,97.90042458688785,16.26777336893687,13.110607156547273,8310.962971128298,1,1
68,75.5337274456706,100.87450972021414,37.17592730195037,93.47995089689931,22.883289236447744,9.401543485125746,8093.247917138453,3,2
54,64.36698099967026,139.74869301653936,37.596731384901986,92.4645315803485,28.07217433242607,10.222624167326378,4199.043007708613,0,1
33,99.54442514872635,121.91586135446548,37.711018734720234,98.00412855123466,21.246882831301658,9.298602448425312,6916.622808655707,3,2
47,84.49648462092453,109.93324135285957,36.24687077200662,100.0,19.662121708621246,13.50028991706397,5607.887188034834,1,2
80,66.06257722986905,170.56306292516774,36.966695185381745,94.00311132848005,18.327622949083228,13.255835937180969,6745.79389840697,4,0
25,104.15355029982945,110.9835062598842,36.60934977611318,97.77697530807403,19.380236486482644,9.990853701925163,5720.996557940411,3,1
72,88.31490552742265,120.39028194311177,36.35004575939881,94.47377622931998,18.38309016414769,14.042787465626175,9192.305370837581,1,2
87,118.11937259184643,162.0070864421382,36.9245436403956,94.88442702025968,21.68986983884475,12.440746572216039,10650.730770441623,0,1
38,123.59280886082396,70.0,36.354907365328714,93.96106450392516,14.46465793459841,13.535021522599136,10917.969237339596,2,2
65,71.02056238836202,109.06302494081052,36.50174922323164,91.35767730305358,13.419221104481647,13.934945274486497,7229.545167987861,0,2
66,97.27660223753062,179.60073076780645,36.72126425903323,95.73303673925002,17.542240404033993,12.74169293079106,6954.168312833152,0,2
67,66.82212082699263,125.95890099312984,36.99824385955776,95.48056332849298,18.417849226951382,11.263540417046919,11100.696571342734,2,2
67,98.0258563749307,127.28727205168533,36.89589803011362,92.77169462808071,13.755556406367866,15.914716712587953,10893.419052439047,3,1
46,118.57848402390525,129.80537107022136,35.887901776602405,94.86170663114495,16.6022784051589,12.049820379142941,7606.160818025735,2,2
27,93.21847254758184,150.1119041827413,38.921863526587956,95.91693437344438,24.567231223669523,11.829303712738561,7166.827073520129,1,1
19,67.93648401683646,102.26363984654009,35.84512710375613,99.19875685832199,17.94864077680104,10.555978300102192,5265.228537602781,1,0
21,89.18318853854113,115.70353139459858,35.92601888368813,91.55206959681364,14.366033158888403,10.27831681576938,5375.003191458145,4,2
58,96.59543577387944,131.18081546502333,38.471148005936406,95.37560977538867,16.64845429573374,10.311687757850462,10076.9538701457,0,0
62,107.31868334486481,140.14915128909652,36.84609014999057,91.35852393659275,18.37665334501878,16.592539856029635,8886.746907852634,0,1
59,58.223417542815696,129.9401804268596,37.197685369262935,94.70486218127513,21.625552684700907,11.82983435760207,1560.3717316904049,4,2
71,105.20943674068621,156.65602442416827,37.446973953411984,99.93489085974215,22.898367307331924,12.903057351157665,7751.358776753632,3,0
23,76.41165545001056,81.26650258180263,37.30603642764764,96.05139446960924,16.23275235370321,13.1659266018187,12175.344100123868,1,2
42,83.68560929641144,103.03681386537806,36.15134717477113,96.8632286339386,13.059577883022525,12.698608790808084,5521.270203403665,4,2
60,54.17104781043103,128.27517627954802,37.49895039175735,97.56605217728145,11.889999036581493,11.70759883287441,3636.8096436695687,1,2
86,61.91719969433561,140.83301265052404,38.257071359356196,95.20113304427308,14.798078395758008,11.658128225236556,10625.576072644362,3,0
81,66.17161448782466,180.82298533009418,37.33620876714966,97.92699854645231,23.046662392150264,11.24991103182892,13459.184716558244,2,0
47,80.65751692240241,118.9284726557373,36.91115143955384,95.04996637821755,19.104462282939505,11.066882748923662,3643.28232840878,0,1
67,91.08174909980389,137.23946460874112,36.92726818273377,88.87037364482633,20.617844425790867,11.923089322842804,7118.609701674753,1,1
70,119.0675295939394,146.09361764337646,35.63380815689063,92.3441014239634,15.935552616698025,13.916493911718817,6898.62844064008,3,1
77,61.42117849272657,116.04777644083183,37.23752988031145,95.26413605760357,16.31136317851683,9.177799611869496,7603.557268785501,4,0
55,89.0751624750641,73.40339855134017,37.6924472752994,98.60131855699734,12.95420800112921,11.525623424099622,9306.430398707398,1,2
28,72.74990024539842,91.86268735994912,38.771579726866335,94.3903465952331,16.660419789052934,11.529288382788982,4914.339196842883,3,2
66,89.80334840474941,115.26801628653183,37.753912078158564,100.0,19.59292647681592,12.801206239049574,8039.866534015169,1,0
27,117.90716189654688,107.0631316477228,36.10084159939987,95.11287895800935,28.863399061086092,10.65105142596116,7495.08525224484,0,1
89,67.2731379963026,118.38724137930242,36.077535581780765,93.40652078239545,11.850545184650919,10.519625529250003,14934.201365218458,1,1
22,105.18252408454744,120.99641031863342,37.05629174874784,90.4792168475276,14.94128857102562,13.911703843397097,4530.860025479676,2,1
72,71.3877289380736,127.58034887367448,35.6700679270261,97.02897429341122,17.538440070896176,11.419370463883165,6879.354059804436,2,1
27,107.71605527584867,129.93710697265965,37.615228398684735,93.62703495197975,18.80033286589922,13.980459374365093,9290.06098079264,4,1
71,98.96317284657802,126.05715355833746,36.080328914316816,94.32741046623254,22.24658521145282,13.89345834919931,7057.215466645416,2,0
73,82.97731892509543,156.826697931255,37.84985148020745,94.83800077292923,20.0100211682289,16.2998062691973,10005.443015701614,0,0
29,76.20411040184776,119.37668706502474,35.8618020492359,97.82690150408376,12.258671393815275,11.173266119468847,7212.484593681291,0,0
44,86.28814515628257,164.91568873051546,38.71890768377259,97.44247164680077,11.51808962366805,12.956483364898617,7471.278764736443,4,0
67,119.0157732553319,138.14472615900308,36.97469256320441,94.51940166308084,20.676554986877257,14.628391818355771,12192.00013865269,1,1
25,82.027127689336,128.06876439307374,38.1777014783899,95.72564119597493,13.25623538843184,14.273029865533468,7890.847103083428,4,2
32,72.02956399431316,89.9296381724497,36.63212756085727,98.83888755530432,21.24195449629766,10.061528738476449,13654.698992984395,1,1
21,104.25942941813285,121.2267807129416,36.89629711657596,94.26637465226176,16.748887361338824,10.882065691481234,5975.36724753245,1,2
71,75.6647798625099,120.25198274849436,36.606240992968935,96.92491576631515,15.510554944809584,13.127591922953915,8711.180930047452,4,0
18,73.09519124598458,127.23746760966452,37.30810130089321,93.78716331010138,13.189998146229483,15.559059661501468,8128.325782383877,3,2
52,63.39209059038525,143.26226153475605,37.55415990299156,97.44183887704187,16.6918274310225,10.354399788726163,8622.122176547831,4,1
83,85.55021799304,114.26096374072802,36.88726594366507,94.38089374710732,20.485196755917542,9.308991512360208,10283.476088009842,0,1
62,66.57766370764219,122.10383712832163,36.56394870056193,92.10168740891552,32.67211125098006,7.098372995257952,3579.964688781136,4,2
36,70.30375308896545,131.17525968901487,36.00331229766363,98.13160480928492,9.63382460661494,12.306210957986824,10553.49961180218,0,0
76,93.31296196632867,160.44440228208046,37.274528788656724,95.87277994997592,20.21347305899429,12.522696119546962,7476.071023428418,1,2
43,92.23464537947834,135.53829160816395,36.831647664931864,100.0,13.184338142206872,15.019497167615697,13764.16182871907,0,1
88,51.60947245202826,128.01156536345994,37.33933674959961,95.9809739454075,21.579536527932504,10.201271992734965,4924.845518739083,4,1
25,90.09367983283103,103.12315340749714,37.03351982921859,97.05362246558582,12.514746606769984,11.623701910147759,7679.991589527078,1,2
64,85.89731758706041,126.70414969796533,37.15804092579119,99.38870887108077,21.144692582823275,11.686944221803408,10604.752816833701,0,1
87,87.89536705872992,140.4946723571233,35.93465526121208,96.3319917922448,9.024709894273506,14.418547267831023,8268.726025882062,4,1
24,82.2424822165049,133.79430913314792,36.44611454061522,93.38427089883886,8.331107864484384,11.60112777142461,2681.1009866659715,4,0
90,128.75471173176476,154.40477273474912,36.784746049214014,93.81380362968741,16.446162508174965,11.926135430184114,7170.563215326069,4,1
89,45.523387163166106,131.91325596846806,35.288137748362374,100.0,21.21471993833056,10.378254484477331,4365.024707015476,4,0
72,79.14832508139943,128.06097986742665,38.40724096495739,98.0569794747777,12.70446102769956,16.624066480097945,9782.634667408887,4,2
74,55.52137285948067,118.74157384327862,38.23032685130117,98.84575132431432,16.7720993538349,14.481080182799484,4803.393248400374,3,2
48,55.071969520597605,134.12858271117983,38.63607158432896,95.74765505912067,19.002742808710487,12.919876802214874,8841.509925099821,0,1
79,81.67021436808297,157.1866054585039,35.74681161914364,93.25836501016119,24.999293689590804,18.000173699131064,5995.011943367887,3,0
73,70.51545419064686,94.46029001479933,36.50165587834996,94.98106356696101,12.451576318332968,9.601323745208155,10992.88080252934,2,1
43,71.11152911983766,157.53000224672172,38.137294564843415,91.58810351947267,21.403917220136307,14.567540044404073,8154.143232049642,0,0
18,115.40286203459712,159.22175898367658,38.003066190168234,92.68715204034422,16.3606951297394,16.72492966233753,10434.714380416204,4,1
28,70.96641087263497,139.544857454971,37.7006239583738,96.3545071801665,25.66973588412474,10.417553758516167,7472.577125018738,3,2
51,72.98549126075098,142.37056785680576,37.55510723838635,93.14795328724858,17.99679692884581,14.77577681051671,7880.98162087637,4,2
65,85.64938765176942,102.07528142319288,36.89688944165685,99.99554184723924,22.12650380207659,13.478131206183606,5343.384829254808,2,0
78,66.89046601856874,157.85876743874243,36.14826943616839,99.22236157418402,21.29406447414375,9.748747713374076,3895.6836054993855,1,1
76,78.06523041972663,107.83139578931653,36.548215053543515,96.38843073608821,18.297447808604232,12.749622963699318,5261.19754156671,2,2
73,102.16079297173829,132.6020060970111,37.87805770862353,96.68102149990575,22.716743993034676,17.062630831922814,9184.876426667437,3,2
48,80.29357482756015,113.1975318942559,35.800883888561664,94.2727211436825,25.3645061597024,13.524412103214834,8078.072772540247,1,1
64,55.29343685339302,143.0226208180282,36.91761376720547,93.54816177940225,20.700410365725613,10.503338017977716,6583.456043080027,3,0
76,98.45855035396083,144.603361255614,35.97836293402978,99.42509024711977,17.727820514430295,10.56637225643876,9862.907817136751,1,1
25,89.30395879532158,129.65486177877807,36.67962924506241,93.35367766310766,15.924585075366961,12.807159495403688,10759.34934220499,4,1
25,92.68500024392175,158.65015697073324,38.031028456131914,99.90047844008456,26.129735368807225,12.577328493791176,7478.3334487843995,1,2
54,138.27913186141035,70.0,37.02318393049123,97.28744095834506,18.303229023309257,10.082032891713457,4985.9330579126145,4,1
71,88.25339826466652,106.56873908217591,36.4739115238367,99.1066867570169,20.627950440107902,13.450753265523746,6341.627297120271,0,1
46,78.66777659312822,136.58528253892297,37.6532758849653,97.82201916100834,16.45026631071861,10.743346566920717,6100.450891478212,0,1
55,79.53081635345076,131.37692062539548,36.348293293511595,98.40479862340543,14.246562228953564,10.185407602467658,5906.132950337748,2,0
75,102.71987887322906,118.52532355705658,35.640867555475914,97.07609916808799,23.37398165362264,14.670430823098371,5885.659389194004,4,2
89,67.12593257123196,141.6213087778641,37.01301984238153,98.37064456370173,8.624103285857247,12.132053137324561,8635.551972556566,0,2
53,107.35016081739278,157.95182469551204,37.91226590620918,96.27017402550791,16.49997596793011,15.086672108530394,10041.945490642005,1,0
36,96.9453796456654,136.01610216980836,37.16952497693286,96.48172874851619,18.460082645816428,11.797308017734116,12920.432533593572,3,2
18,58.58772913611819,129.2394307654914,36.861422947805046,95.31057758049025,23.160026687695822,12.011961288362922,11992.890895049459,3,2
41,73.65688490898684,129.71637574080225,39.08197491236564,96.5642305698063,28.900810998777537,11.284012624259242,9341.438784404616,1,1
39,78.75620524636126,73.09299548908578,36.94161362690073,90.42390939282744,22.414490025324135,8.302817594758036,6284.133187546155,4,1
55,75.57396750985315,92.54207565814215,36.940655649149015,93.93100212842435,15.439475176884772,12.797713460490849,4902.8909254062455,1,2
43,90.17978418373869,120.42047096954595,36.531442659380424,93.84129481584313,20.123404832255865,12.64968320940241,5764.035634673095,4,1
24,97.2041746879669,147.6590095598879,36.340632438531685,97.37199370701592,19.960954980108408,13.678547517012984,6355.3935200986925,0,2
28,88.15097190793205,85.23714901597808,36.58321059210943,95.56155673539368,11.735472601671397,8.782559707262287,11429.10628143098,4,2
74,87.10255631056206,131.1216293590244,37.011398487537605,95.98449487300132,20.70108479273277,12.384678081174025,6883.773473835157,2,2
48,76.57055493297072,101.78927150080233,34.21676778190623,97.64242148757326,8.273825918475408,10.3523998584645,4708.608149514018,1,1
52,92.59821462545878,155.51208095305628,36.15550196432766,92.09197138822894,19.64739903353126,12.372839282518099,6256.378237474315,1,2
78,83.11629028370808,149.7734696034189,36.66810431122319,100.0,23.945446065698853,13.298164881658046,9025.315018994886,2,0
60,62.005601325812215,129.89160543809257,36.59530524001732,95.7353560146915,20.474315316450312,10.731169987534688,6096.090939965939,4,0
34,97.94262924293473,138.7855345165937,38.209322642108155,99.00954270140433,22.87963240021512,9.831868022178325,1500.0,4,2
28,88.33723984628907,135.40041286149747,36.79557618811048,95.53410898140038,15.491844373332786,10.298285188255127,6922.7725204450935,2,1
20,119.63241326672933,130.7529149171677,36.066765920233486,100.0,24.113836191981992,10.631822656993256,4019.628870807134,1,0
33,100.93670885420663,120.1194994961059,36.63888803937641,96.23191521118143,23.023856597889846,14.386332511345412,11347.880535150362,4,2
57,110.83575364153671,138.36799456317576,36.69097775587482,96.14006368415501,18.726312215908912,9.611225741004574,11092.034423585043,3,0
78,70.08246186992271,86.02661619265143,37.460517488150174,97.92712629602825,14.395899619695928,14.005847595565031,5035.28131918398,2,0
48,82.87325423592571,125.56433717880036,36.98893915062617,97.73958026107361,26.945172654693415,12.536598110294547,10810.975303047768,2,1
59,80.22636932939406,133.5125655802763,36.60923293281158,97.47992297026647,24.404404585422352,15.046700077557952,9563.784792936398,1,1
66,64.77187646139876,76.21729148958573,37.595282223628686,98.710520754833,15.969083398037139,14.090207046222714,10017.890893805974,3,2
25,71.55193220632458,120.84853267446012,36.09094765839157,93.74111036438407,20.07629913366807,13.232157175467915,8854.265573164603,2,0
51,81.6810774701984,123.82674592574303,37.40421074410201,94.4923836887381,17.74691068751565,11.106143781557638,5525.377822911341,2,2
56,89.8097082593188,113.09768010557507,36.534892382467035,93.26369912242372,23.21157513231759,10.237828014523915,9312.515080119192,3,2
81,85.59903296751098,134.7622108994721,37.226899405251345,94.8837962827415,23.54213887708148,11.741129985005713,6278.518199146504,1,0
41,57.340339307303914,116.25033602725684,35.50573359689496,97.96735381838553,15.268310066708167,12.482273408610462,7654.1066237449395,3,2
35,67.82896569359808,132.63542730613298,37.53935873653267,98.85809170217753,15.175731654903965,13.778963000451228,12228.720942901564,3,1
69,93.25302699743702,89.4513625432322,36.37078921167684,93.17580335766255,22.713930158781636,11.81001313610094,6973.251160643963,4,0
23,88.25021037205478,135.0853630757803,36.631073919021894,93.08618819852136,19.720363860028666,14.165901142104746,6551.2996816872965,4,0
59,93.09295376529482,152.93259095944913,38.25384624220052,94.65144697129404,17.709489716212577,11.672755280596233,10220.656279133109,2,0
82,51.39089049349679,96.9882313120553,37.48157750685565,93.31840105249167,13.589529466454962,11.6621918109094,9078.14120179517,1,0
41,111.16562511996194,134.9484628595082,37.12165430424943,93.11215114569012,13.488333155762934,11.875837862942062,5836.958410737663,4,1
20,79.49012951722341,133.27079651657533,37.18405377608442,98.97206637731888,22.302373023946984,8.573961020649607,9944.578619537138,1,1
69,77.73201822146089,104.75644923878913,37.5888940133248,90.54040929046315,18.25344823130081,13.806830396974311,9205.249300846,2,2
73,100.1434593446244,112.77423586563997,37.70868643029026,99.02932498091458,16.429123298898784,12.509193555180012,6217.079148567815,2,0
36,101.26096331063705,102.1343687874309,37.031162652488796,92.61711519648996,26.427811235910017,13.633287356456965,7260.2044434958525,1,2
40,81.0106888234303,141.34663846772992,38.29790299209555,96.18057509528262,17.685887164823146,13.009647944611425,10911.687724061663,3,2
65,91.50512358589616,100.95322464589995,36.90093510472845,97.32093261688394,21.6614489371324,13.238937967349607,9670.946723095376,1,0
68,90.60107756275627,104.93882529019416,38.32603865521,95.83670623990591,15.990684546474528,9.095735579738024,4879.153562512789,3,0
24,98.03213995573472,106.96146934824309,38.004638367914815,93.31768368639445,19.929484472295155,8.767661240618818,6949.8396325714375,0,1
30,90.07847496544315,158.86393547566306,37.63214889764959,96.68259184832854,10.44877214023247,11.162901425641632,6680.866001581311,1,0
44,65.8350399557725,134.62099497098157,37.23189827318373,94.11793122984176,17.90975477281613,11.590321855514679,7651.859143674587,1,1
43,108.43758938720023,144.1248643650511,36.556761298619335,94.99520145864494,18.226328145267072,13.037634630792507,4028.0638612177995,4,0
42,81.08879657779276,114.35859531414603,37.36381990894646,91.55147221424336,21.647463948973847,13.888163487411614,5094.743878447238,0,0
84,59.72543715685069,176.821962247965,37.11160047067374,98.07895837464197,24.79623885922135,10.240707796043045,4647.185694090882,4,1
77,101.9587468531351,106.23750861839177,37.661687460074994,98.27165863773148,8.0,14.420224295257754,12101.300119938845,2,1
66,99.06930174283377,105.86472753573058,36.13402589539992,91.95195264401842,27.293362343865528,8.16490284894002,3547.211656288453,2,1
73,71.16704865835385,129.93706416026325,36.52148136545593,96.0848883662529,14.65998425954349,16.384742302306577,8310.412278779135,3,1
19,128.4768910360931,148.2719432333909,35.948728716579026,93.85507128921697,17.72968424354878,16.02321099307216,7228.209067007254,3,0
22,82.99736210440788,106.28754649811906,37.962721337781545,92.25807901224164,24.30383249432186,11.77986815775603,9939.170382274035,2,2
49,79.32206292215703,158.69386161424094,35.666485768899506,97.23021761432601,11.80958982250587,13.550590409988652,3697.632019775452,1,1
59,106.7427031414634,136.2510525257743,37.88460077550499,96.34219962359157,18.398937162848224,15.682977390735616,7757.948993242615,3,2
